,Households with Snap,Total Households,GEOID,Pct_hh_snap,No Health Under 19,No Health 19to34,No Health 35to64,No Health 65 plus,Total Population,No Health,Pct_noHealthInsurance,Income Inequality (GINI Index),Under 25,Total 25 to 44,45 to 64,Population with Internet Access,Pct_internet,Rent Occupied housing units,rent_combined,pct_rentBurdenend,Population with Access to Transportation,Pct_transportAccess,Population with Access to Devices,Pct_deviceAccess,White Alone Population,Pct_minority,Civilian Force Unemployed,Total Civilian Force,Unemployment Rate,Male 18 to 24,HS Grad Male 18 to 24,Female 18 to 24,HS Grad Female 18 to 24,HS Grad,18to24 Population,Pct_HsGrad,Pct_NonHsGrad,Non Native,Pct_nonNative,Pct_hh_snap_binned,Pct_hh_snap_bin_range,Pct_noHealthInsurance_binned,Pct_noHealthInsurance_bin_range,Income Inequality (GINI Index)_binned,Income Inequality (GINI Index)_bin_range,Pct_internet_binned,Pct_internet_bin_range,pct_rentBurdenend_binned,pct_rentBurdenend_bin_range,Pct_transportAccess_binned,Pct_transportAccess_bin_range,Pct_deviceAccess_binned,Pct_deviceAccess_bin_range,Pct_minority_binned,Pct_minority_bin_range,Unemployment Rate_binned,Unemployment Rate_bin_range,Pct_HsGrad_binned,Pct_HsGrad_bin_range,Pct_NonHsGrad_binned,Pct_NonHsGrad_bin_range,Pct_nonNative_binned,Pct_nonNative_bin_range
0,132,2536,10001040100,5.21,5,84,172,0,7343,261,3.55,0.3641,85181.0,73672.0,76375.0,2342,31.89,355,68,19.15,3243,44.16,501,6.82,5962,18.81,227,3558,6.38,142,125,241,66,191,383,49.87,50.13,1008,13.73,1.0,4.29-8.52,1.0,2.58-4.75,0.0,0.28-0.37,0.0,0.0-32.09,0.0,0.0-32.08,1.0,42.22-46.67,2.0,5.27-7.3,1.0,18.46-36.0,2.0,4.62-7.35,2.0,35.8-52.22,1.0,47.78-64.2,1.0,11.33-24.5
1,193,1895,10001040201,10.18,0,257,73,0,5132,330,6.43,0.3758,86452.0,93681.0,50917.0,1817,35.41,596,174,29.19,2604,50.74,274,5.34,3040,40.76,211,2852,7.4,182,132,154,11,143,336,42.56,57.44,1668,32.5,2.0,8.52-15.79,2.0,4.75-7.69,1.0,0.37-0.41,1.0,32.09-35.78,0.0,0.0-32.08,2.0,46.67-51.37,2.0,5.27-7.3,2.0,36.0-51.87,3.0,7.35-25.68,2.0,35.8-52.22,1.0,47.78-64.2,2.0,24.5-39.14
2,328,2145,10001040203,15.29,64,166,115,0,5415,345,6.37,0.4373,95489.0,74712.0,63029.0,1880,34.72,512,276,53.91,2304,42.55,464,8.57,2519,53.48,48,2491,1.93,157,45,118,44,89,275,32.36,67.64,2534,46.8,2.0,8.52-15.79,2.0,4.75-7.69,2.0,0.41-0.45,1.0,32.09-35.78,2.0,44.84-56.92,1.0,42.22-46.67,3.0,7.3-25.24,3.0,51.87-97.75,0.0,0.0-2.6,1.0,21.04-35.8,2.0,64.2-78.96,3.0,39.14-94.26
3,388,1862,10001040204,20.84,38,73,97,73,6265,281,4.49,0.2869,92431.0,111442.0,77879.0,1769,28.24,252,55,21.83,2950,47.09,368,5.87,3297,47.37,205,3128,6.55,151,32,189,106,138,340,40.59,59.41,2094,33.42,3.0,15.79-47.28,1.0,2.58-4.75,0.0,0.28-0.37,0.0,0.0-32.09,0.0,0.0-32.08,2.0,46.67-51.37,2.0,5.27-7.3,2.0,36.0-51.87,2.0,4.62-7.35,2.0,35.8-52.22,1.0,47.78-64.2,2.0,24.5-39.14
4,244,1870,10001040205,13.05,0,152,9,0,4857,161,3.31,0.3322,63383.0,64318.0,37188.0,1714,35.29,639,339,53.05,2444,50.32,364,7.49,2531,47.89,188,2632,7.14,234,85,105,0,85,339,25.07,74.93,2145,44.16,2.0,8.52-15.79,1.0,2.58-4.75,0.0,0.28-0.37,1.0,32.09-35.78,2.0,44.84-56.92,2.0,46.67-51.37,3.0,7.3-25.24,2.0,36.0-51.87,2.0,4.62-7.35,1.0,21.04-35.8,2.0,64.2-78.96,3.0,39.14-94.26
5,116,2758,10001040206,4.21,69,51,367,66,7807,553,7.08,0.2957,115573.0,103417.0,87243.0,2584,33.1,94,0,0.0,3658,46.86,79,1.01,3787,51.49,36,3780,0.95,294,120,261,201,321,555,57.84,42.16,3618,46.34,0.0,0.0-4.29,2.0,4.75-7.69,0.0,0.28-0.37,1.0,32.09-35.78,0.0,0.0-32.08,2.0,46.67-51.37,0.0,0.0-3.02,2.0,36.0-51.87,0.0,0.0-2.6,3.0,52.22-100.0,0.0,0.0-47.78,3.0,39.14-94.26
6,333,1978,10001040501,16.84,14,153,143,0,4777,310,6.49,0.3868,58851.0,73750.0,60729.0,1704,35.67,549,305,55.56,2145,44.9,314,6.57,2467,48.36,214,2507,8.54,199,17,201,43,60,400,15.0,85.0,1787,37.41,3.0,15.79-47.28,2.0,4.75-7.69,1.0,0.37-0.41,1.0,32.09-35.78,2.0,44.84-56.92,1.0,42.22-46.67,2.0,5.27-7.3,2.0,36.0-51.87,3.0,7.35-25.68,0.0,0.0-21.04,3.0,78.96-100.0,2.0,24.5-39.14
7,122,1086,10001040502,11.23,51,121,119,9,2647,300,11.33,0.4362,92000.0,72500.0,55192.0,986,37.25,307,190,61.89,1162,43.9,220,8.31,1263,52.29,147,1318,11.15,83,11,102,79,90,185,48.65,51.35,1104,41.71,2.0,8.52-15.79,3.0,7.69-30.05,2.0,0.41-0.45,2.0,35.78-40.2,3.0,56.92-100.0,1.0,42.22-46.67,3.0,7.3-25.24,3.0,51.87-97.75,3.0,7.35-25.68,2.0,35.8-52.22,1.0,47.78-64.2,3.0,39.14-94.26
8,425,2241,10001040700,18.96,21,74,77,21,5417,193,3.56,0.407,,77344.0,83654.0,1938,35.78,839,491,58.52,1803,33.28,215,3.97,2456,54.66,398,2360,16.86,73,20,169,11,31,242,12.81,87.19,2413,44.54,3.0,15.79-47.28,1.0,2.58-4.75,1.0,0.37-0.41,1.0,32.09-35.78,3.0,56.92-100.0,0.0,16.51-42.22,1.0,3.02-5.27,3.0,51.87-97.75,3.0,7.35-25.68,0.0,0.0-21.04,3.0,78.96-100.0,3.0,39.14-94.26
9,221,1073,10001040900,20.6,0,43,25,0,2334,68,2.91,0.4775,61818.0,85159.0,24327.0,749,32.09,807,356,44.11,1048,44.9,150,6.43,1321,43.4,20,984,2.03,270,11,357,42,53,627,8.45,91.55,795,34.06,3.0,15.79-47.28,1.0,2.58-4.75,3.0,0.45-0.59,0.0,0.0-32.09,1.0,32.08-44.84,1.0,42.22-46.67,2.0,5.27-7.3,2.0,36.0-51.87,0.0,0.0-2.6,0.0,0.0-21.04,3.0,78.96-100.0,2.0,24.5-39.14
10,554,2918,10001041000,18.99,23,375,353,0,7176,751,10.47,0.3899,61282.0,60000.0,38906.0,2436,33.95,1615,594,36.78,3110,43.34,438,6.1,2729,61.97,401,3386,11.84,501,152,366,168,320,867,36.91,63.09,2866,39.94,3.0,15.79-47.28,3.0,7.69-30.05,1.0,0.37-0.41,1.0,32.09-35.78,1.0,32.08-44.84,1.0,42.22-46.67,2.0,5.27-7.3,3.0,51.87-97.75,3.0,7.35-25.68,2.0,35.8-52.22,1.0,47.78-64.2,3.0,39.14-94.26
11,13,1208,10001041101,1.08,0,61,0,0,3262,61,1.87,0.2884,76625.0,86389.0,48300.0,1208,37.03,1208,675,55.88,1565,47.98,160,4.9,1588,51.32,29,696,4.17,153,55,248,60,115,401,28.68,71.32,630,19.31,0.0,0.0-4.29,0.0,0.0-2.58,0.0,0.28-0.37,2.0,35.78-40.2,2.0,44.84-56.92,2.0,46.67-51.37,1.0,3.02-5.27,2.0,36.0-51.87,1.0,2.6-4.62,1.0,21.04-35.8,2.0,64.2-78.96,1.0,11.33-24.5
12,371,1588,10001041200,23.36,39,123,66,0,3809,228,5.99,0.5375,73071.0,76250.0,55363.0,1461,38.36,366,180,49.18,1683,44.18,356,9.35,1241,67.42,176,1883,9.35,213,142,99,57,199,312,63.78,36.22,2021,53.06,3.0,15.79-47.28,2.0,4.75-7.69,3.0,0.45-0.59,2.0,35.78-40.2,2.0,44.84-56.92,1.0,42.22-46.67,3.0,7.3-25.24,3.0,51.87-97.75,3.0,7.35-25.68,3.0,52.22-100.0,0.0,0.0-47.78,3.0,39.14-94.26
13,313,931,10001041300,33.62,40,53,58,0,2135,151,7.07,0.4313,30813.0,72344.0,,851,39.86,577,345,59.79,926,43.37,206,9.65,1066,50.07,49,964,5.08,127,82,90,41,123,217,56.68,43.32,859,40.23,3.0,15.79-47.28,2.0,4.75-7.69,2.0,0.41-0.45,2.0,35.78-40.2,3.0,56.92-100.0,1.0,42.22-46.67,3.0,7.3-25.24,2.0,36.0-51.87,2.0,4.62-7.35,3.0,52.22-100.0,0.0,0.0-47.78,3.0,39.14-94.26
14,495,1745,10001041400,28.37,0,254,126,0,3626,380,10.48,0.4403,39864.0,56750.0,24509.0,1577,43.49,1006,737,73.26,1800,49.64,359,9.9,976,73.08,213,2059,10.34,283,41,122,60,101,405,24.94,75.06,2059,56.78,3.0,15.79-47.28,3.0,7.69-30.05,2.0,0.41-0.45,3.0,40.2-59.88,3.0,56.92-100.0,2.0,46.67-51.37,3.0,7.3-25.24,3.0,51.87-97.75,3.0,7.35-25.68,1.0,21.04-35.8,2.0,64.2-78.96,3.0,39.14-94.26
15,351,1439,10001041500,24.39,0,233,299,0,4491,532,11.85,0.3977,53507.0,75556.0,62679.0,1335,29.73,607,316,52.06,2219,49.41,278,6.19,2629,41.46,105,2353,4.46,349,140,142,97,237,491,48.27,51.73,1460,32.51,3.0,15.79-47.28,3.0,7.69-30.05,1.0,0.37-0.41,0.0,0.0-32.09,2.0,44.84-56.92,2.0,46.67-51.37,2.0,5.27-7.3,2.0,36.0-51.87,1.0,2.6-4.62,2.0,35.8-52.22,1.0,47.78-64.2,2.0,24.5-39.14
16,231,882,10001041600,26.19,5,55,40,0,2345,100,4.26,0.3535,115428.0,102188.0,54167.0,810,34.54,192,91,47.4,972,41.45,146,6.23,1465,37.53,40,997,4.01,134,54,109,85,139,243,57.2,42.8,587,25.03,3.0,15.79-47.28,1.0,2.58-4.75,0.0,0.28-0.37,1.0,32.09-35.78,2.0,44.84-56.92,0.0,16.51-42.22,2.0,5.27-7.3,2.0,36.0-51.87,1.0,2.6-4.62,3.0,52.22-100.0,0.0,0.0-47.78,2.0,24.5-39.14
17,255,2490,10001041701,10.24,47,227,71,0,6076,345,5.68,0.3757,77642.0,75000.0,51185.0,2398,39.47,477,267,55.97,2735,45.01,349,5.74,3318,45.39,184,2731,6.74,333,111,71,16,127,404,31.44,68.56,2220,36.54,2.0,8.52-15.79,2.0,4.75-7.69,1.0,0.37-0.41,2.0,35.78-40.2,2.0,44.84-56.92,1.0,42.22-46.67,2.0,5.27-7.3,2.0,36.0-51.87,2.0,4.62-7.35,1.0,21.04-35.8,2.0,64.2-78.96,2.0,24.5-39.14
18,253,1574,10001041702,16.07,0,34,41,0,4516,75,1.66,0.4182,130114.0,104375.0,90847.0,1499,33.19,159,88,55.35,1990,44.07,143,3.17,2928,35.16,133,2112,6.3,191,103,139,72,175,330,53.03,46.97,1380,30.56,3.0,15.79-47.28,0.0,0.0-2.58,2.0,0.41-0.45,1.0,32.09-35.78,2.0,44.84-56.92,1.0,42.22-46.67,1.0,3.02-5.27,1.0,18.46-36.0,2.0,4.62-7.35,3.0,52.22-100.0,0.0,0.0-47.78,2.0,24.5-39.14
19,229,2643,10001041802,8.66,331,267,212,22,6847,832,12.15,0.447,97564.0,96141.0,63864.0,2495,36.44,1214,878,72.32,3429,50.08,260,3.8,3751,45.22,162,3572,4.54,546,87,240,37,124,786,15.78,84.22,2717,39.68,2.0,8.52-15.79,3.0,7.69-30.05,2.0,0.41-0.45,2.0,35.78-40.2,3.0,56.92-100.0,2.0,46.67-51.37,1.0,3.02-5.27,2.0,36.0-51.87,1.0,2.6-4.62,0.0,0.0-21.04,3.0,78.96-100.0,3.0,39.14-94.26
20,438,1571,10001041803,27.88,62,285,61,0,4288,408,9.51,0.4296,41250.0,82083.0,57303.0,1286,29.99,298,187,62.75,1604,37.41,433,10.1,1743,59.35,42,1769,2.37,118,42,102,46,88,220,40.0,60.0,1899,44.29,3.0,15.79-47.28,3.0,7.69-30.05,2.0,0.41-0.45,0.0,0.0-32.09,3.0,56.92-100.0,0.0,16.51-42.22,3.0,7.3-25.24,3.0,51.87-97.75,0.0,0.0-2.6,2.0,35.8-52.22,1.0,47.78-64.2,3.0,39.14-94.26
21,249,2262,10001041804,11.01,136,43,104,0,5657,283,5.0,0.4166,75900.0,97488.0,61591.0,2070,36.59,455,259,56.92,3069,54.25,365,6.45,3205,43.34,144,3104,4.64,235,108,173,30,138,408,33.82,66.18,1769,31.27,2.0,8.52-15.79,2.0,4.75-7.69,2.0,0.41-0.45,2.0,35.78-40.2,2.0,44.84-56.92,3.0,51.37-100.0,2.0,5.27-7.3,2.0,36.0-51.87,2.0,4.62-7.35,1.0,21.04-35.8,2.0,64.2-78.96,2.0,24.5-39.14
22,136,2022,10001041900,6.73,361,223,230,0,5119,814,15.9,0.357,75033.0,78646.0,42076.0,1723,33.66,361,105,29.09,2471,48.27,329,6.43,4223,17.5,195,2661,7.33,239,57,424,93,150,663,22.62,77.38,562,10.98,1.0,4.29-8.52,3.0,7.69-30.05,0.0,0.28-0.37,1.0,32.09-35.78,0.0,0.0-32.08,2.0,46.67-51.37,2.0,5.27-7.3,0.0,1.59-18.46,2.0,4.62-7.35,1.0,21.04-35.8,2.0,64.2-78.96,0.0,0.78-11.33
23,68,1124,10001042000,6.05,268,65,452,13,3220,798,24.78,0.3294,111029.0,83750.0,48036.0,767,23.82,108,36,33.33,1514,47.02,82,2.55,2737,15.0,76,1566,4.85,131,7,106,36,43,237,18.14,81.86,248,7.7,1.0,4.29-8.52,3.0,7.69-30.05,0.0,0.28-0.37,0.0,0.0-32.09,1.0,32.08-44.84,2.0,46.67-51.37,0.0,0.0-3.02,0.0,1.59-18.46,2.0,4.62-7.35,0.0,0.0-21.04,3.0,78.96-100.0,0.0,0.78-11.33
24,231,1379,10001042100,16.75,317,22,336,0,4523,675,14.92,0.4111,86364.0,103750.0,58194.0,1234,27.28,282,201,71.28,1904,42.1,260,5.75,2792,38.27,17,2106,0.81,90,28,478,181,209,568,36.8,63.2,1270,28.08,3.0,15.79-47.28,3.0,7.69-30.05,2.0,0.41-0.45,0.0,0.0-32.09,3.0,56.92-100.0,0.0,16.51-42.22,2.0,5.27-7.3,2.0,36.0-51.87,0.0,0.0-2.6,2.0,35.8-52.22,1.0,47.78-64.2,2.0,24.5-39.14
25,499,1856,10001042203,26.89,14,33,104,0,6184,151,2.44,0.334,108496.0,156920.0,63643.0,1811,29.29,581,224,38.55,2995,48.43,222,3.59,3772,39.0,61,3008,2.03,356,114,151,108,222,507,43.79,56.21,1858,30.05,3.0,15.79-47.28,0.0,0.0-2.58,0.0,0.28-0.37,0.0,0.0-32.09,1.0,32.08-44.84,2.0,46.67-51.37,1.0,3.02-5.27,2.0,36.0-51.87,0.0,0.0-2.6,2.0,35.8-52.22,1.0,47.78-64.2,2.0,24.5-39.14
26,78,1400,10001042204,5.57,71,60,172,0,4416,303,6.86,0.3276,122683.0,133333.0,58008.0,1287,29.14,148,40,27.03,1878,42.53,81,1.83,2919,33.9,136,2004,6.79,98,11,299,229,240,397,60.45,39.55,968,21.92,1.0,4.29-8.52,2.0,4.75-7.69,0.0,0.28-0.37,0.0,0.0-32.09,0.0,0.0-32.08,1.0,42.22-46.67,0.0,0.0-3.02,1.0,18.46-36.0,2.0,4.62-7.35,3.0,52.22-100.0,0.0,0.0-47.78,1.0,11.33-24.5
27,400,1019,10001042205,39.25,0,90,24,0,2739,114,4.16,0.4191,55436.0,56080.0,77333.0,943,34.43,329,274,83.28,713,26.03,248,9.05,1238,54.8,216,841,25.68,54,16,110,1,17,164,10.37,89.63,1148,41.91,3.0,15.79-47.28,1.0,2.58-4.75,2.0,0.41-0.45,1.0,32.09-35.78,3.0,56.92-100.0,0.0,16.51-42.22,3.0,7.3-25.24,3.0,51.87-97.75,3.0,7.35-25.68,0.0,0.0-21.04,3.0,78.96-100.0,3.0,39.14-94.26
28,52,1158,10001042206,4.49,0,62,98,0,2600,160,6.15,0.3499,104911.0,67241.0,95962.0,1143,43.96,30,0,0.0,1230,47.31,120,4.62,1770,31.92,93,1255,7.41,52,21,23,0,21,75,28.0,72.0,652,25.08,1.0,4.29-8.52,2.0,4.75-7.69,0.0,0.28-0.37,3.0,40.2-59.88,0.0,0.0-32.08,2.0,46.67-51.37,1.0,3.02-5.27,1.0,18.46-36.0,3.0,7.35-25.68,1.0,21.04-35.8,2.0,64.2-78.96,2.0,24.5-39.14
29,154,779,10001042207,19.77,6,96,4,1,2606,107,4.11,0.3619,125607.0,109091.0,62589.0,655,25.13,152,94,61.84,1076,41.29,53,2.03,1861,28.59,79,1154,6.85,270,27,85,25,52,355,14.65,85.35,326,12.51,3.0,15.79-47.28,1.0,2.58-4.75,0.0,0.28-0.37,0.0,0.0-32.09,3.0,56.92-100.0,0.0,16.51-42.22,0.0,0.0-3.02,1.0,18.46-36.0,2.0,4.62-7.35,0.0,0.0-21.04,3.0,78.96-100.0,1.0,11.33-24.5
30,236,1641,10001042208,14.38,0,100,99,0,4028,199,4.94,0.4623,120241.0,125013.0,51359.0,1488,36.94,169,85,50.3,2051,50.92,462,11.47,2759,31.5,148,2205,6.71,43,0,70,70,70,113,61.95,38.05,1006,24.98,2.0,8.52-15.79,2.0,4.75-7.69,3.0,0.45-0.59,2.0,35.78-40.2,2.0,44.84-56.92,2.0,46.67-51.37,3.0,7.3-25.24,1.0,18.46-36.0,2.0,4.62-7.35,3.0,52.22-100.0,0.0,0.0-47.78,2.0,24.5-39.14
31,257,2098,10001042500,12.25,8,87,215,72,4325,382,8.83,0.3802,40697.0,54637.0,38385.0,1568,36.25,1523,644,42.28,1782,41.2,273,6.31,1971,54.43,111,1873,5.93,215,164,95,65,229,310,73.87,26.13,1932,44.67,2.0,8.52-15.79,3.0,7.69-30.05,1.0,0.37-0.41,2.0,35.78-40.2,1.0,32.08-44.84,0.0,16.51-42.22,2.0,5.27-7.3,3.0,51.87-97.75,2.0,4.62-7.35,3.0,52.22-100.0,0.0,0.0-47.78,3.0,39.14-94.26
32,60,788,10001042801,7.61,43,49,47,0,1913,139,7.27,0.3309,,46742.0,89071.0,727,38.0,81,28,34.57,867,45.32,20,1.05,1782,6.85,21,873,2.41,18,10,75,60,70,93,75.27,24.73,125,6.53,1.0,4.29-8.52,2.0,4.75-7.69,0.0,0.28-0.37,2.0,35.78-40.2,1.0,32.08-44.84,1.0,42.22-46.67,0.0,0.0-3.02,0.0,1.59-18.46,0.0,0.0-2.6,3.0,52.22-100.0,0.0,0.0-47.78,0.0,0.78-11.33
33,258,2282,10001042802,11.31,4,5,226,3,5746,238,4.14,0.3534,82935.0,86250.0,59353.0,1980,34.46,535,310,57.94,2639,45.93,281,4.89,4548,20.85,49,2739,1.79,34,9,268,90,99,302,32.78,67.22,918,15.98,2.0,8.52-15.79,1.0,2.58-4.75,0.0,0.28-0.37,1.0,32.09-35.78,3.0,56.92-100.0,1.0,42.22-46.67,1.0,3.02-5.27,1.0,18.46-36.0,0.0,0.0-2.6,1.0,21.04-35.8,2.0,64.2-78.96,1.0,11.33-24.5
34,307,1873,10001042900,16.39,269,118,169,0,5385,556,10.32,0.4335,88958.0,86688.0,54261.0,1581,29.36,296,33,11.15,2352,43.68,263,4.88,4558,15.36,84,2484,3.38,327,183,369,158,341,696,48.99,51.01,609,11.31,3.0,15.79-47.28,3.0,7.69-30.05,2.0,0.41-0.45,0.0,0.0-32.09,0.0,0.0-32.08,1.0,42.22-46.67,1.0,3.02-5.27,0.0,1.59-18.46,1.0,2.6-4.62,2.0,35.8-52.22,1.0,47.78-64.2,0.0,0.78-11.33
35,161,2151,10001043000,7.48,6,124,110,0,5602,240,4.28,0.3598,81750.0,59327.0,41483.0,1890,33.74,678,371,54.72,2586,46.16,281,5.02,3965,29.22,155,2840,5.46,312,21,91,26,47,403,11.66,88.34,1333,23.8,1.0,4.29-8.52,1.0,2.58-4.75,0.0,0.28-0.37,1.0,32.09-35.78,2.0,44.84-56.92,1.0,42.22-46.67,1.0,3.02-5.27,1.0,18.46-36.0,2.0,4.62-7.35,0.0,0.0-21.04,3.0,78.96-100.0,1.0,11.33-24.5
36,97,1072,10001043100,9.05,9,14,44,0,2260,67,2.96,0.4256,67955.0,100307.0,,943,41.73,336,46,13.69,1353,59.87,259,11.46,2065,8.63,103,1461,7.05,143,107,100,87,194,243,79.84,20.16,180,7.96,2.0,8.52-15.79,1.0,2.58-4.75,2.0,0.41-0.45,3.0,40.2-59.88,0.0,0.0-32.08,3.0,51.37-100.0,3.0,7.3-25.24,0.0,1.59-18.46,2.0,4.62-7.35,3.0,52.22-100.0,0.0,0.0-47.78,0.0,0.78-11.33
37,279,1626,10001043202,17.16,4,40,83,0,3748,127,3.39,0.4111,93750.0,57458.0,43833.0,1435,38.29,308,151,49.03,1685,44.96,276,7.36,3224,13.98,24,1741,1.38,127,43,165,26,69,292,23.63,76.37,367,9.79,3.0,15.79-47.28,1.0,2.58-4.75,2.0,0.41-0.45,2.0,35.78-40.2,2.0,44.84-56.92,1.0,42.22-46.67,3.0,7.3-25.24,0.0,1.59-18.46,0.0,0.0-2.6,1.0,21.04-35.8,2.0,64.2-78.96,0.0,0.78-11.33
38,290,1545,10001043300,18.77,13,102,50,0,6276,165,2.63,0.4201,44931.0,43438.0,50568.0,1338,21.32,878,516,58.77,2395,38.16,238,3.79,1595,74.59,120,2369,5.07,1226,86,2016,75,161,3242,4.97,95.03,4199,66.91,3.0,15.79-47.28,1.0,2.58-4.75,2.0,0.41-0.45,0.0,0.0-32.09,3.0,56.92-100.0,0.0,16.51-42.22,1.0,3.02-5.27,3.0,51.87-97.75,2.0,4.62-7.35,0.0,0.0-21.04,3.0,78.96-100.0,3.0,39.14-94.26
39,302,2197,10001043400,13.75,0,73,114,0,5424,187,3.45,0.3809,71250.0,106484.0,64600.0,1969,36.3,433,166,38.34,2401,44.27,270,4.98,3696,31.86,177,2615,6.77,174,156,199,107,263,373,70.51,29.49,969,17.87,2.0,8.52-15.79,1.0,2.58-4.75,1.0,0.37-0.41,2.0,35.78-40.2,1.0,32.08-44.84,1.0,42.22-46.67,1.0,3.02-5.27,1.0,18.46-36.0,2.0,4.62-7.35,3.0,52.22-100.0,0.0,0.0-47.78,1.0,11.33-24.5
40,0,0,10001980000,,0,0,0,0,64,0,0.0,,,,,0,0.0,0,0,,64,100.0,0,0.0,44,31.25,0,0,,50,34,8,1,35,58,60.34,39.66,15,23.44,,,0.0,0.0-2.58,,,0.0,0.0-32.09,,,3.0,51.37-100.0,0.0,0.0-3.02,1.0,18.46-36.0,,,3.0,52.22-100.0,0.0,0.0-47.78,1.0,11.33-24.5
41,0,0,10001990000,,0,0,0,0,0,0,,,,,,0,,0,0,,0,,0,,0,,0,0,,0,0,0,0,0,0,,,0,,,,,,,,,,,,,,,,,,,,,,,,,
42,155,2185,10003000200,7.09,24,62,36,0,4738,122,2.57,0.5123,65461.0,69318.0,60507.0,2051,43.29,689,459,66.62,2801,59.12,603,12.73,1379,70.89,148,3045,4.86,111,0,77,0,0,188,0.0,100.0,3086,65.13,1.0,4.29-8.52,0.0,0.0-2.58,3.0,0.45-0.59,3.0,40.2-59.88,3.0,56.92-100.0,3.0,51.37-100.0,3.0,7.3-25.24,3.0,51.87-97.75,2.0,4.62-7.35,0.0,0.0-21.04,3.0,78.96-100.0,3.0,39.14-94.26
43,170,1276,10003000300,13.32,61,100,134,0,3616,295,8.16,0.4151,42323.0,56949.0,,1089,30.12,481,334,69.44,1556,43.03,223,6.17,522,85.56,160,1752,9.13,48,0,146,81,81,194,41.75,58.25,2750,76.05,2.0,8.52-15.79,3.0,7.69-30.05,2.0,0.41-0.45,0.0,0.0-32.09,3.0,56.92-100.0,1.0,42.22-46.67,2.0,5.27-7.3,3.0,51.87-97.75,3.0,7.35-25.68,2.0,35.8-52.22,1.0,47.78-64.2,3.0,39.14-94.26
44,292,1503,10003000400,19.43,39,81,24,0,2953,144,4.88,0.5843,116053.0,38833.0,17604.0,1297,43.92,837,482,57.59,1448,49.03,491,16.63,1331,54.93,118,1574,7.5,107,81,146,120,201,253,79.45,20.55,1271,43.04,3.0,15.79-47.28,2.0,4.75-7.69,3.0,0.45-0.59,3.0,40.2-59.88,3.0,56.92-100.0,2.0,46.67-51.37,3.0,7.3-25.24,3.0,51.87-97.75,3.0,7.35-25.68,3.0,52.22-100.0,0.0,0.0-47.78,3.0,39.14-94.26
45,381,1377,10003000500,27.67,0,252,45,0,3605,297,8.24,0.3545,77930.0,93562.0,42031.0,897,24.88,775,254,32.77,1940,53.81,555,15.4,211,94.15,88,2048,4.3,165,87,69,54,141,234,60.26,39.74,2997,83.13,3.0,15.79-47.28,3.0,7.69-30.05,0.0,0.28-0.37,0.0,0.0-32.09,1.0,32.08-44.84,3.0,51.37-100.0,3.0,7.3-25.24,3.0,51.87-97.75,1.0,2.6-4.62,3.0,52.22-100.0,0.0,0.0-47.78,3.0,39.14-94.26
46,316,922,10003000601,34.27,0,66,45,0,2892,111,3.84,0.5018,29875.0,61820.0,52308.0,727,25.14,506,267,52.77,1055,36.48,186,6.43,104,96.4,258,1348,19.14,67,54,225,92,146,292,50.0,50.0,2726,94.26,3.0,15.79-47.28,1.0,2.58-4.75,3.0,0.45-0.59,0.0,0.0-32.09,2.0,44.84-56.92,0.0,16.51-42.22,2.0,5.27-7.3,3.0,51.87-97.75,3.0,7.35-25.68,2.0,35.8-52.22,1.0,47.78-64.2,3.0,39.14-94.26
47,231,1167,10003000602,19.79,0,4,193,0,2461,197,8.0,0.5088,31118.0,27292.0,85938.0,814,33.08,760,196,25.79,1050,42.67,491,19.95,223,90.94,306,1392,21.98,0,0,94,67,67,94,71.28,28.72,2047,83.18,3.0,15.79-47.28,3.0,7.69-30.05,3.0,0.45-0.59,1.0,32.09-35.78,0.0,0.0-32.08,1.0,42.22-46.67,3.0,7.3-25.24,3.0,51.87-97.75,3.0,7.35-25.68,3.0,52.22-100.0,0.0,0.0-47.78,3.0,39.14-94.26
48,333,938,10003000900,35.5,0,32,77,0,2397,109,4.55,0.4516,48413.0,40813.0,,784,32.71,610,315,51.64,1016,42.39,306,12.77,54,97.75,64,1089,5.88,119,105,113,91,196,232,84.48,15.52,2147,89.57,3.0,15.79-47.28,1.0,2.58-4.75,3.0,0.45-0.59,1.0,32.09-35.78,2.0,44.84-56.92,1.0,42.22-46.67,3.0,7.3-25.24,3.0,51.87-97.75,2.0,4.62-7.35,3.0,52.22-100.0,0.0,0.0-47.78,3.0,39.14-94.26
49,294,2452,10003001100,11.99,0,0,101,0,3415,101,2.96,0.4649,105951.0,,36802.0,2045,59.88,1684,844,50.12,1985,58.13,401,11.74,2514,26.38,81,2048,3.96,126,49,160,12,61,286,21.33,78.67,750,21.96,2.0,8.52-15.79,1.0,2.58-4.75,3.0,0.45-0.59,3.0,40.2-59.88,2.0,44.84-56.92,3.0,51.37-100.0,3.0,7.3-25.24,1.0,18.46-36.0,1.0,2.6-4.62,1.0,21.04-35.8,2.0,64.2-78.96,1.0,11.33-24.5
50,21,1019,10003001200,2.06,0,40,8,0,1850,48,2.59,0.3481,82244.0,111400.0,61563.0,981,53.03,642,171,26.64,1427,77.14,57,3.08,1641,11.3,9,1431,0.63,50,0,77,0,0,127,0.0,100.0,152,8.22,0.0,0.0-4.29,1.0,2.58-4.75,0.0,0.28-0.37,3.0,40.2-59.88,0.0,0.0-32.08,3.0,51.37-100.0,1.0,3.02-5.27,0.0,1.59-18.46,0.0,0.0-2.6,0.0,0.0-21.04,3.0,78.96-100.0,0.0,0.78-11.33
51,23,1843,10003001300,1.25,13,37,31,28,3618,109,3.01,0.4785,153750.0,174813.0,92452.0,1765,48.78,195,20,10.26,1883,52.05,157,4.34,3071,15.12,36,1934,1.86,53,19,53,20,39,106,36.79,63.21,155,4.28,0.0,0.0-4.29,1.0,2.58-4.75,3.0,0.45-0.59,3.0,40.2-59.88,0.0,0.0-32.08,3.0,51.37-100.0,1.0,3.02-5.27,0.0,1.59-18.46,0.0,0.0-2.6,2.0,35.8-52.22,1.0,47.78-64.2,0.0,0.78-11.33
52,227,1013,10003001400,22.41,0,95,35,0,2195,130,5.92,0.4585,69625.0,58651.0,26667.0,874,39.82,465,264,56.77,995,45.33,203,9.25,1020,53.53,88,1106,7.96,96,31,63,23,54,159,33.96,66.04,846,38.54,3.0,15.79-47.28,2.0,4.75-7.69,3.0,0.45-0.59,2.0,35.78-40.2,2.0,44.84-56.92,1.0,42.22-46.67,3.0,7.3-25.24,3.0,51.87-97.75,3.0,7.35-25.68,1.0,21.04-35.8,2.0,64.2-78.96,2.0,24.5-39.14
53,291,1064,10003001500,27.35,61,0,93,0,2393,154,6.44,0.5416,61912.0,103472.0,41853.0,870,36.36,554,347,62.64,1137,47.51,174,7.27,636,73.42,131,1333,9.83,13,13,139,0,13,152,8.55,91.45,1566,65.44,3.0,15.79-47.28,2.0,4.75-7.69,3.0,0.45-0.59,2.0,35.78-40.2,3.0,56.92-100.0,2.0,46.67-51.37,2.0,5.27-7.3,3.0,51.87-97.75,3.0,7.35-25.68,0.0,0.0-21.04,3.0,78.96-100.0,3.0,39.14-94.26
54,298,945,10003001600,31.53,0,77,37,0,2734,114,4.17,0.4193,49417.0,37478.0,26042.0,816,29.85,642,380,59.19,1067,39.03,334,12.22,459,83.21,43,1154,3.73,47,14,105,20,34,152,22.37,77.63,1993,72.9,3.0,15.79-47.28,1.0,2.58-4.75,2.0,0.41-0.45,0.0,0.0-32.09,3.0,56.92-100.0,0.0,16.51-42.22,3.0,7.3-25.24,3.0,51.87-97.75,1.0,2.6-4.62,1.0,21.04-35.8,2.0,64.2-78.96,3.0,39.14-94.26
55,263,994,10003001902,26.46,30,85,33,0,2123,148,6.97,0.5123,62714.0,132232.0,,908,42.77,714,425,59.52,1069,50.35,299,14.08,340,83.98,41,1108,3.7,33,10,69,22,32,102,31.37,68.63,1653,77.86,3.0,15.79-47.28,2.0,4.75-7.69,3.0,0.45-0.59,3.0,40.2-59.88,3.0,56.92-100.0,2.0,46.67-51.37,3.0,7.3-25.24,3.0,51.87-97.75,1.0,2.6-4.62,1.0,21.04-35.8,2.0,64.2-78.96,3.0,39.14-94.26
56,302,824,10003002100,36.65,0,21,137,0,1335,158,11.84,0.4309,41023.0,33395.0,16628.0,648,48.54,617,265,42.95,587,43.97,337,25.24,239,82.1,95,682,13.93,26,15,31,6,21,57,36.84,63.16,895,67.04,3.0,15.79-47.28,3.0,7.69-30.05,2.0,0.41-0.45,3.0,40.2-59.88,1.0,32.08-44.84,1.0,42.22-46.67,3.0,7.3-25.24,3.0,51.87-97.75,3.0,7.35-25.68,2.0,35.8-52.22,1.0,47.78-64.2,3.0,39.14-94.26
57,198,786,10003002200,25.19,91,212,359,49,3419,711,20.8,0.41,32344.0,55968.0,,732,21.41,427,237,55.5,930,27.2,201,5.88,241,92.95,218,1165,18.71,43,30,108,45,75,151,49.67,50.33,1251,36.59,3.0,15.79-47.28,3.0,7.69-30.05,2.0,0.41-0.45,0.0,0.0-32.09,2.0,44.84-56.92,0.0,16.51-42.22,2.0,5.27-7.3,3.0,51.87-97.75,3.0,7.35-25.68,2.0,35.8-52.22,1.0,47.78-64.2,2.0,24.5-39.14
58,325,1045,10003002300,31.1,0,33,69,0,2153,102,4.74,0.4191,51367.0,46324.0,24464.0,908,42.17,643,320,49.77,913,42.41,356,16.54,147,93.17,79,1026,7.7,69,64,65,38,102,134,76.12,23.88,1381,64.14,3.0,15.79-47.28,1.0,2.58-4.75,2.0,0.41-0.45,3.0,40.2-59.88,2.0,44.84-56.92,1.0,42.22-46.67,3.0,7.3-25.24,3.0,51.87-97.75,3.0,7.35-25.68,3.0,52.22-100.0,0.0,0.0-47.78,3.0,39.14-94.26
59,399,2105,10003002400,18.95,0,0,59,0,4225,59,1.4,0.531,,,37152.0,1608,38.06,1038,549,52.89,2015,47.69,615,14.56,2131,49.56,160,2175,7.36,70,57,124,107,164,194,84.54,15.46,1679,39.74,3.0,15.79-47.28,0.0,0.0-2.58,3.0,0.45-0.59,2.0,35.78-40.2,2.0,44.84-56.92,2.0,46.67-51.37,3.0,7.3-25.24,2.0,36.0-51.87,3.0,7.35-25.68,3.0,52.22-100.0,0.0,0.0-47.78,3.0,39.14-94.26
60,179,1551,10003002500,11.54,0,51,165,2,3174,218,6.87,0.3576,64677.0,68278.0,46646.0,1437,45.27,520,136,26.15,1725,54.35,344,10.84,1649,48.05,181,1935,9.35,107,23,219,58,81,326,24.85,75.15,869,27.38,2.0,8.52-15.79,2.0,4.75-7.69,0.0,0.28-0.37,3.0,40.2-59.88,0.0,0.0-32.08,3.0,51.37-100.0,3.0,7.3-25.24,2.0,36.0-51.87,3.0,7.35-25.68,1.0,21.04-35.8,2.0,64.2-78.96,2.0,24.5-39.14
61,599,1556,10003002600,38.5,0,160,133,0,4004,293,7.32,0.4847,,,,1277,31.89,965,569,58.96,1899,47.43,590,14.74,1042,73.98,194,2107,9.21,181,156,171,111,267,352,75.85,24.15,2086,52.1,3.0,15.79-47.28,2.0,4.75-7.69,3.0,0.45-0.59,0.0,0.0-32.09,3.0,56.92-100.0,2.0,46.67-51.37,3.0,7.3-25.24,3.0,51.87-97.75,3.0,7.35-25.68,3.0,52.22-100.0,0.0,0.0-47.78,3.0,39.14-94.26
62,196,1341,10003002700,14.62,0,120,26,0,2943,146,4.96,0.4003,78203.0,64726.0,44186.0,1149,39.04,671,192,28.61,1694,57.56,258,8.77,705,76.04,135,1823,7.41,203,97,94,0,97,297,32.66,67.34,1871,63.57,2.0,8.52-15.79,2.0,4.75-7.69,1.0,0.37-0.41,2.0,35.78-40.2,0.0,0.0-32.08,3.0,51.37-100.0,3.0,7.3-25.24,3.0,51.87-97.75,3.0,7.35-25.68,1.0,21.04-35.8,2.0,64.2-78.96,3.0,39.14-94.26
63,209,1388,10003002800,15.06,0,66,60,0,2142,126,5.88,0.4506,54184.0,29486.0,86250.0,1100,51.35,1158,575,49.65,1178,55.0,276,12.89,845,60.55,266,1506,17.66,95,0,205,103,103,300,34.33,65.67,1113,51.96,2.0,8.52-15.79,2.0,4.75-7.69,3.0,0.45-0.59,3.0,40.2-59.88,2.0,44.84-56.92,3.0,51.37-100.0,3.0,7.3-25.24,3.0,51.87-97.75,3.0,7.35-25.68,1.0,21.04-35.8,2.0,64.2-78.96,3.0,39.14-94.26
64,799,1690,10003002900,47.28,45,39,112,0,3542,196,5.53,0.5432,26731.0,,31667.0,1210,34.16,1282,461,35.96,1375,38.82,772,21.8,229,93.53,251,1642,15.29,291,234,45,0,234,336,69.64,30.36,3081,86.98,3.0,15.79-47.28,2.0,4.75-7.69,3.0,0.45-0.59,1.0,32.09-35.78,1.0,32.08-44.84,0.0,16.51-42.22,3.0,7.3-25.24,3.0,51.87-97.75,3.0,7.35-25.68,3.0,52.22-100.0,0.0,0.0-47.78,3.0,39.14-94.26
65,169,666,10003003002,25.38,0,58,29,0,3107,87,2.8,0.533,30603.0,49427.0,,521,16.77,490,159,32.45,738,23.75,249,8.01,565,81.82,61,791,7.71,277,83,176,61,144,453,31.79,68.21,2109,67.88,3.0,15.79-47.28,1.0,2.58-4.75,3.0,0.45-0.59,0.0,0.0-32.09,1.0,32.08-44.84,0.0,16.51-42.22,3.0,7.3-25.24,3.0,51.87-97.75,3.0,7.35-25.68,1.0,21.04-35.8,2.0,64.2-78.96,3.0,39.14-94.26
66,165,1756,10003010104,9.4,71,154,186,0,3928,411,10.46,0.4728,55994.0,71786.0,54185.0,1570,39.97,1264,648,51.27,2298,58.5,321,8.17,2148,45.32,32,2369,1.35,79,20,188,23,43,267,16.1,83.9,1316,33.5,2.0,8.52-15.79,3.0,7.69-30.05,3.0,0.45-0.59,2.0,35.78-40.2,2.0,44.84-56.92,3.0,51.37-100.0,3.0,7.3-25.24,2.0,36.0-51.87,0.0,0.0-2.6,0.0,0.0-21.04,3.0,78.96-100.0,2.0,24.5-39.14
67,207,956,10003010105,21.65,0,111,0,0,2499,111,4.44,0.3863,68723.0,79145.0,65500.0,787,31.49,562,203,36.12,1327,53.1,97,3.88,854,65.83,232,1570,14.78,136,111,236,103,214,372,57.53,42.47,1341,53.66,3.0,15.79-47.28,1.0,2.58-4.75,1.0,0.37-0.41,0.0,0.0-32.09,1.0,32.08-44.84,3.0,51.37-100.0,1.0,3.02-5.27,3.0,51.87-97.75,3.0,7.35-25.68,3.0,52.22-100.0,0.0,0.0-47.78,3.0,39.14-94.26
68,196,937,10003010106,20.92,44,27,0,0,1709,71,4.15,0.4972,84464.0,56507.0,18438.0,753,44.06,875,465,53.14,682,39.91,84,4.92,475,72.21,44,755,5.83,26,0,101,0,0,127,0.0,100.0,1186,69.4,3.0,15.79-47.28,1.0,2.58-4.75,3.0,0.45-0.59,3.0,40.2-59.88,2.0,44.84-56.92,0.0,16.51-42.22,1.0,3.02-5.27,3.0,51.87-97.75,2.0,4.62-7.35,0.0,0.0-21.04,3.0,78.96-100.0,3.0,39.14-94.26
69,14,745,10003010200,1.88,56,54,28,22,2113,160,7.57,0.3625,119583.0,114037.0,51371.0,667,31.57,57,23,40.35,872,41.27,156,7.38,1099,47.99,27,939,2.88,110,68,39,21,89,149,59.73,40.27,683,32.32,0.0,0.0-4.29,2.0,4.75-7.69,0.0,0.28-0.37,0.0,0.0-32.09,1.0,32.08-44.84,0.0,16.51-42.22,3.0,7.3-25.24,2.0,36.0-51.87,1.0,2.6-4.62,3.0,52.22-100.0,0.0,0.0-47.78,2.0,24.5-39.14
70,151,1631,10003010300,9.26,0,54,10,0,4155,64,1.54,0.384,109653.0,114861.0,35227.0,1366,32.88,473,58,12.26,2183,52.54,73,1.76,1690,59.33,44,2300,1.91,117,30,164,51,81,281,28.83,71.17,2174,52.32,2.0,8.52-15.79,0.0,0.0-2.58,1.0,0.37-0.41,1.0,32.09-35.78,0.0,0.0-32.08,3.0,51.37-100.0,0.0,0.0-3.02,3.0,51.87-97.75,0.0,0.0-2.6,1.0,21.04-35.8,2.0,64.2-78.96,3.0,39.14-94.26
71,168,1915,10003010400,8.77,23,14,48,0,4843,85,1.76,0.3634,104688.0,98207.0,60694.0,1855,38.3,616,225,36.53,2250,46.46,128,2.64,3493,27.88,154,2439,6.31,172,79,131,16,95,303,31.35,68.65,1233,25.46,2.0,8.52-15.79,0.0,0.0-2.58,0.0,0.28-0.37,2.0,35.78-40.2,1.0,32.08-44.84,1.0,42.22-46.67,0.0,0.0-3.02,1.0,18.46-36.0,2.0,4.62-7.35,1.0,21.04-35.8,2.0,64.2-78.96,2.0,24.5-39.14
72,280,2624,10003010502,10.67,7,126,67,0,6168,200,3.24,0.4467,130882.0,75435.0,72292.0,2539,41.16,753,253,33.6,3302,53.53,218,3.53,4383,28.94,138,3489,3.96,145,50,241,115,165,386,42.75,57.25,1199,19.44,2.0,8.52-15.79,1.0,2.58-4.75,2.0,0.41-0.45,3.0,40.2-59.88,1.0,32.08-44.84,3.0,51.37-100.0,1.0,3.02-5.27,1.0,18.46-36.0,1.0,2.6-4.62,2.0,35.8-52.22,1.0,47.78-64.2,1.0,11.33-24.5
73,177,764,10003010703,23.17,6,0,0,0,1861,6,0.32,0.417,,84661.0,81607.0,764,41.05,272,215,79.04,962,51.69,18,0.97,1053,43.42,102,1064,9.59,0,0,19,0,0,19,0.0,100.0,796,42.77,3.0,15.79-47.28,0.0,0.0-2.58,2.0,0.41-0.45,3.0,40.2-59.88,3.0,56.92-100.0,3.0,51.37-100.0,0.0,0.0-3.02,2.0,36.0-51.87,3.0,7.35-25.68,0.0,0.0-21.04,3.0,78.96-100.0,3.0,39.14-94.26
74,132,1954,10003010704,6.76,23,0,101,0,3881,124,3.2,0.3873,87532.0,54919.0,48214.0,1894,48.8,970,332,34.23,1863,48.0,216,5.57,921,76.27,89,2114,4.21,36,0,88,10,10,124,8.06,91.94,2808,72.35,1.0,4.29-8.52,1.0,2.58-4.75,1.0,0.37-0.41,3.0,40.2-59.88,1.0,32.08-44.84,2.0,46.67-51.37,2.0,5.27-7.3,3.0,51.87-97.75,1.0,2.6-4.62,0.0,0.0-21.04,3.0,78.96-100.0,3.0,39.14-94.26
75,74,1858,10003010800,3.98,19,31,33,1,4880,84,1.72,0.4703,97202.0,139107.0,72679.0,1727,35.39,503,164,32.6,2346,48.07,145,2.97,3756,23.03,61,2463,2.48,117,64,109,33,97,226,42.92,57.08,877,17.97,0.0,0.0-4.29,0.0,0.0-2.58,3.0,0.45-0.59,1.0,32.09-35.78,1.0,32.08-44.84,2.0,46.67-51.37,0.0,0.0-3.02,1.0,18.46-36.0,0.0,0.0-2.6,2.0,35.8-52.22,1.0,47.78-64.2,1.0,11.33-24.5
76,39,1216,10003010900,3.21,0,0,92,0,2605,92,3.53,0.4316,162716.0,126136.0,52487.0,1133,43.49,9,9,100.0,1140,43.76,102,3.92,2242,13.93,74,1214,6.1,64,21,139,85,106,203,52.22,47.78,319,12.25,0.0,0.0-4.29,1.0,2.58-4.75,2.0,0.41-0.45,3.0,40.2-59.88,3.0,56.92-100.0,1.0,42.22-46.67,1.0,3.02-5.27,0.0,1.59-18.46,2.0,4.62-7.35,2.0,35.8-52.22,0.0,0.0-47.78,1.0,11.33-24.5
77,66,1269,10003011000,5.2,77,22,64,0,3413,163,4.78,0.3695,178017.0,124886.0,77026.0,1172,34.34,35,0,0.0,1637,47.96,105,3.08,2547,25.37,8,1654,0.48,42,22,143,93,115,185,62.16,37.84,540,15.82,1.0,4.29-8.52,2.0,4.75-7.69,1.0,0.37-0.41,1.0,32.09-35.78,0.0,0.0-32.08,2.0,46.67-51.37,1.0,3.02-5.27,1.0,18.46-36.0,0.0,0.0-2.6,3.0,52.22-100.0,0.0,0.0-47.78,1.0,11.33-24.5
78,60,1182,10003011100,5.08,28,6,56,0,2809,90,3.2,0.4043,160543.0,117212.0,87000.0,1119,39.84,192,97,50.52,1352,48.13,82,2.92,2407,14.31,35,1401,2.5,113,18,47,17,35,160,21.88,78.12,287,10.22,1.0,4.29-8.52,1.0,2.58-4.75,1.0,0.37-0.41,2.0,35.78-40.2,2.0,44.84-56.92,2.0,46.67-51.37,0.0,0.0-3.02,0.0,1.59-18.46,0.0,0.0-2.6,1.0,21.04-35.8,2.0,64.2-78.96,0.0,0.78-11.33
79,4,990,10003011201,0.4,0,5,20,0,2546,25,0.98,0.3551,125750.0,193995.0,86607.0,909,35.7,454,100,22.03,1278,50.2,95,3.73,1902,25.29,19,1297,1.46,193,28,133,28,56,326,17.18,82.82,608,23.88,0.0,0.0-4.29,0.0,0.0-2.58,0.0,0.28-0.37,1.0,32.09-35.78,0.0,0.0-32.08,2.0,46.67-51.37,1.0,3.02-5.27,1.0,18.46-36.0,0.0,0.0-2.6,0.0,0.0-21.04,3.0,78.96-100.0,1.0,11.33-24.5
80,27,1536,10003011202,1.76,6,17,33,0,4046,56,1.38,0.4457,146250.0,98929.0,70481.0,1384,34.21,54,16,29.63,1826,45.13,257,6.35,3269,19.2,23,1937,1.19,80,0,216,21,21,296,7.09,92.91,589,14.56,0.0,0.0-4.29,0.0,0.0-2.58,2.0,0.41-0.45,1.0,32.09-35.78,0.0,0.0-32.08,1.0,42.22-46.67,2.0,5.27-7.3,1.0,18.46-36.0,0.0,0.0-2.6,0.0,0.0-21.04,3.0,78.96-100.0,1.0,11.33-24.5
81,179,2099,10003011203,8.53,0,75,41,0,4740,116,2.45,0.486,53214.0,81646.0,78563.0,1938,40.89,920,445,48.37,2707,57.11,319,6.73,2167,54.28,46,2756,1.67,37,21,175,82,103,212,48.58,51.42,2065,43.57,2.0,8.52-15.79,0.0,0.0-2.58,3.0,0.45-0.59,3.0,40.2-59.88,2.0,44.84-56.92,3.0,51.37-100.0,2.0,5.27-7.3,3.0,51.87-97.75,0.0,0.0-2.6,2.0,35.8-52.22,1.0,47.78-64.2,3.0,39.14-94.26
82,37,1367,10003011204,2.71,0,0,0,0,3391,0,0.0,0.4198,123409.0,135844.0,96406.0,1344,39.63,174,58,33.33,1390,40.99,48,1.42,2567,24.3,73,1484,4.92,74,29,61,0,29,135,21.48,78.52,629,18.55,0.0,0.0-4.29,0.0,0.0-2.58,2.0,0.41-0.45,2.0,35.78-40.2,1.0,32.08-44.84,0.0,16.51-42.22,0.0,0.0-3.02,1.0,18.46-36.0,2.0,4.62-7.35,1.0,21.04-35.8,2.0,64.2-78.96,1.0,11.33-24.5
83,42,860,10003011205,4.88,0,0,10,0,2142,10,0.47,0.3316,166944.0,147656.0,86250.0,847,39.54,33,12,36.36,1049,48.97,50,2.33,1882,12.14,37,1097,3.37,53,30,17,6,36,70,51.43,48.57,213,9.94,1.0,4.29-8.52,0.0,0.0-2.58,0.0,0.28-0.37,2.0,35.78-40.2,1.0,32.08-44.84,2.0,46.67-51.37,0.0,0.0-3.02,0.0,1.59-18.46,1.0,2.6-4.62,2.0,35.8-52.22,1.0,47.78-64.2,0.0,0.78-11.33
84,14,1544,10003011206,0.91,38,15,76,0,4201,129,3.07,0.3712,164125.0,211818.0,82581.0,1500,35.71,176,106,60.23,1767,42.06,17,0.4,3951,5.95,26,1820,1.43,71,0,94,0,0,165,0.0,100.0,111,2.64,0.0,0.0-4.29,1.0,2.58-4.75,1.0,0.37-0.41,1.0,32.09-35.78,3.0,56.92-100.0,0.0,16.51-42.22,0.0,0.0-3.02,0.0,1.59-18.46,0.0,0.0-2.6,0.0,0.0-21.04,3.0,78.96-100.0,0.0,0.78-11.33
85,12,1050,10003011300,1.14,0,39,52,0,2251,91,4.04,0.3855,140761.0,148188.0,85694.0,879,39.05,246,221,89.84,1037,46.07,74,3.29,1938,13.9,14,1061,1.32,47,30,56,31,61,103,59.22,40.78,206,9.15,0.0,0.0-4.29,1.0,2.58-4.75,1.0,0.37-0.41,2.0,35.78-40.2,3.0,56.92-100.0,1.0,42.22-46.67,1.0,3.02-5.27,0.0,1.59-18.46,0.0,0.0-2.6,3.0,52.22-100.0,0.0,0.0-47.78,0.0,0.78-11.33
86,48,1194,10003011400,4.02,20,25,79,0,3378,124,3.67,0.3871,190893.0,168214.0,92031.0,1084,32.09,138,114,82.61,1484,43.93,40,1.18,2986,11.6,237,1750,13.54,149,24,72,23,47,221,21.27,78.73,303,8.97,0.0,0.0-4.29,1.0,2.58-4.75,1.0,0.37-0.41,0.0,0.0-32.09,3.0,56.92-100.0,1.0,42.22-46.67,0.0,0.0-3.02,0.0,1.59-18.46,3.0,7.35-25.68,1.0,21.04-35.8,2.0,64.2-78.96,0.0,0.78-11.33
87,9,1323,10003011500,0.68,0,88,44,0,3086,132,4.28,0.3495,147098.0,113846.0,44500.0,1290,41.8,135,39,28.89,1761,57.06,110,3.56,2636,14.58,165,1857,8.89,91,45,57,11,56,148,37.84,62.16,332,10.76,0.0,0.0-4.29,1.0,2.58-4.75,0.0,0.28-0.37,3.0,40.2-59.88,0.0,0.0-32.08,3.0,51.37-100.0,1.0,3.02-5.27,0.0,1.59-18.46,3.0,7.35-25.68,2.0,35.8-52.22,1.0,47.78-64.2,0.0,0.78-11.33
88,7,1220,10003011600,0.57,0,49,96,0,3295,145,4.4,0.3918,166250.0,103173.0,58654.0,1198,36.36,210,56,26.67,1579,47.92,38,1.15,2877,12.69,31,1731,1.79,42,0,110,13,13,152,8.55,91.45,297,9.01,0.0,0.0-4.29,1.0,2.58-4.75,1.0,0.37-0.41,2.0,35.78-40.2,0.0,0.0-32.08,2.0,46.67-51.37,0.0,0.0-3.02,0.0,1.59-18.46,0.0,0.0-2.6,0.0,0.0-21.04,3.0,78.96-100.0,0.0,0.78-11.33
89,21,1878,10003011700,1.12,25,17,1,0,4338,43,0.99,0.5125,239545.0,250001.0,116250.0,1832,42.23,83,39,46.99,2024,46.66,94,2.17,3648,15.91,62,2094,2.96,92,28,37,8,36,129,27.91,72.09,208,4.79,0.0,0.0-4.29,0.0,0.0-2.58,3.0,0.45-0.59,3.0,40.2-59.88,2.0,44.84-56.92,1.0,42.22-46.67,0.0,0.0-3.02,0.0,1.59-18.46,1.0,2.6-4.62,1.0,21.04-35.8,2.0,64.2-78.96,0.0,0.78-11.33
90,0,2168,10003011800,0.0,0,63,0,1,4298,64,1.49,0.5163,117386.0,162554.0,114250.0,2042,47.51,971,217,22.35,1867,43.44,121,2.82,3499,18.59,67,1957,3.42,133,44,50,21,65,183,35.52,64.48,698,16.24,0.0,0.0-4.29,0.0,0.0-2.58,3.0,0.45-0.59,3.0,40.2-59.88,0.0,0.0-32.08,1.0,42.22-46.67,0.0,0.0-3.02,1.0,18.46-36.0,1.0,2.6-4.62,1.0,21.04-35.8,2.0,64.2-78.96,1.0,11.33-24.5
91,31,1209,10003011900,2.56,39,39,64,0,3118,142,4.55,0.4708,205313.0,250001.0,196477.0,1179,37.81,215,130,60.47,1251,40.12,115,3.69,2477,20.56,63,1336,4.72,74,29,42,10,39,116,33.62,66.38,340,10.9,0.0,0.0-4.29,1.0,2.58-4.75,3.0,0.45-0.59,2.0,35.78-40.2,3.0,56.92-100.0,0.0,16.51-42.22,1.0,3.02-5.27,1.0,18.46-36.0,2.0,4.62-7.35,1.0,21.04-35.8,2.0,64.2-78.96,0.0,0.78-11.33
92,136,1614,10003012000,8.43,0,82,146,15,4205,243,5.78,0.3725,98043.0,77125.0,59621.0,1543,36.69,255,125,49.02,2162,51.41,207,4.92,2592,38.36,140,2359,5.93,140,90,135,64,154,275,56.0,44.0,998,23.73,1.0,4.29-8.52,2.0,4.75-7.69,1.0,0.37-0.41,2.0,35.78-40.2,2.0,44.84-56.92,3.0,51.37-100.0,1.0,3.02-5.27,2.0,36.0-51.87,2.0,4.62-7.35,3.0,52.22-100.0,0.0,0.0-47.78,1.0,11.33-24.5
93,143,1298,10003012100,11.02,0,87,64,0,3170,151,4.76,0.4359,65268.0,113393.0,71122.0,1219,38.45,552,206,37.32,1836,57.92,209,6.59,2755,13.09,88,1986,4.43,235,167,70,58,225,305,73.77,26.23,323,10.19,2.0,8.52-15.79,2.0,4.75-7.69,2.0,0.41-0.45,2.0,35.78-40.2,1.0,32.08-44.84,3.0,51.37-100.0,2.0,5.27-7.3,0.0,1.59-18.46,1.0,2.6-4.62,3.0,52.22-100.0,0.0,0.0-47.78,0.0,0.78-11.33
94,122,1943,10003012200,6.28,55,78,419,0,4654,552,11.86,0.3787,73750.0,56998.0,39375.0,1743,37.45,760,452,59.47,2456,52.77,179,3.85,2240,51.87,154,2684,5.74,188,113,79,69,182,267,68.16,31.84,1536,33.0,1.0,4.29-8.52,3.0,7.69-30.05,1.0,0.37-0.41,2.0,35.78-40.2,3.0,56.92-100.0,3.0,51.37-100.0,1.0,3.02-5.27,2.0,36.0-51.87,2.0,4.62-7.35,3.0,52.22-100.0,0.0,0.0-47.78,2.0,24.5-39.14
95,83,1166,10003012300,7.12,134,88,257,0,3143,479,15.24,0.3979,64943.0,78603.0,45313.0,1077,34.27,533,279,52.35,1600,50.91,200,6.36,1529,51.35,71,1660,4.28,219,127,81,58,185,300,61.67,38.33,770,24.5,1.0,4.29-8.52,3.0,7.69-30.05,1.0,0.37-0.41,1.0,32.09-35.78,2.0,44.84-56.92,2.0,46.67-51.37,2.0,5.27-7.3,2.0,36.0-51.87,1.0,2.6-4.62,3.0,52.22-100.0,0.0,0.0-47.78,1.0,11.33-24.5
96,340,1601,10003012400,21.24,17,13,108,0,4059,138,3.4,0.4035,86750.0,76731.0,39271.0,1501,36.98,274,156,56.93,2079,51.22,392,9.66,2033,49.91,106,2219,4.78,209,85,75,37,122,284,42.96,57.04,1173,28.9,3.0,15.79-47.28,1.0,2.58-4.75,1.0,0.37-0.41,2.0,35.78-40.2,3.0,56.92-100.0,2.0,46.67-51.37,3.0,7.3-25.24,2.0,36.0-51.87,2.0,4.62-7.35,2.0,35.8-52.22,1.0,47.78-64.2,2.0,24.5-39.14
97,353,2160,10003012500,16.34,75,375,167,0,5243,617,11.77,0.4684,93079.0,58750.0,28026.0,2013,38.39,602,195,32.39,3005,57.31,701,13.37,1956,62.69,109,3097,3.52,362,98,118,53,151,480,31.46,68.54,1805,34.43,3.0,15.79-47.28,3.0,7.69-30.05,3.0,0.45-0.59,2.0,35.78-40.2,1.0,32.08-44.84,3.0,51.37-100.0,3.0,7.3-25.24,3.0,51.87-97.75,1.0,2.6-4.62,1.0,21.04-35.8,2.0,64.2-78.96,2.0,24.5-39.14
98,37,1161,10003012600,3.19,16,9,42,0,2830,67,2.37,0.3617,98359.0,82305.0,44125.0,1061,37.49,185,91,49.19,1688,59.65,193,6.82,2482,12.3,20,1717,1.16,89,60,75,26,86,164,52.44,47.56,219,7.74,0.0,0.0-4.29,0.0,0.0-2.58,0.0,0.28-0.37,2.0,35.78-40.2,2.0,44.84-56.92,3.0,51.37-100.0,2.0,5.27-7.3,0.0,1.59-18.46,0.0,0.0-2.6,3.0,52.22-100.0,0.0,0.0-47.78,0.0,0.78-11.33
99,189,1902,10003012700,9.94,17,36,63,25,4274,141,3.3,0.4324,71719.0,50457.0,50179.0,1646,38.51,499,247,49.5,1967,46.02,312,7.3,3024,29.25,381,2377,16.03,183,167,165,114,281,348,80.75,19.25,584,13.66,2.0,8.52-15.79,1.0,2.58-4.75,2.0,0.41-0.45,2.0,35.78-40.2,2.0,44.84-56.92,1.0,42.22-46.67,2.0,5.27-7.3,1.0,18.46-36.0,3.0,7.35-25.68,3.0,52.22-100.0,0.0,0.0-47.78,1.0,11.33-24.5
100,265,1751,10003012900,15.13,55,166,144,1,4692,366,7.8,0.5918,57071.0,69250.0,47333.0,1549,33.01,842,357,42.4,2086,44.46,517,11.02,2180,53.54,117,2224,5.26,197,78,164,58,136,361,37.67,62.33,1600,34.1,2.0,8.52-15.79,3.0,7.69-30.05,3.0,0.45-0.59,1.0,32.09-35.78,1.0,32.08-44.84,1.0,42.22-46.67,3.0,7.3-25.24,3.0,51.87-97.75,2.0,4.62-7.35,2.0,35.8-52.22,1.0,47.78-64.2,2.0,24.5-39.14
101,69,773,10003013000,8.93,28,0,17,0,1947,45,2.31,0.3956,96474.0,100714.0,33500.0,744,38.21,51,20,39.22,1059,54.39,108,5.55,1480,23.99,8,1086,0.74,44,8,39,0,8,83,9.64,90.36,111,5.7,2.0,8.52-15.79,0.0,0.0-2.58,1.0,0.37-0.41,2.0,35.78-40.2,1.0,32.08-44.84,3.0,51.37-100.0,2.0,5.27-7.3,1.0,18.46-36.0,0.0,0.0-2.6,0.0,0.0-21.04,3.0,78.96-100.0,0.0,0.78-11.33
102,81,846,10003013100,9.57,55,58,117,0,2296,230,10.02,0.3488,103295.0,83859.0,89167.0,788,34.32,164,50,30.49,1193,51.96,131,5.71,1445,37.06,100,1298,7.7,99,67,88,34,101,187,54.01,45.99,273,11.89,2.0,8.52-15.79,3.0,7.69-30.05,0.0,0.28-0.37,1.0,32.09-35.78,0.0,0.0-32.08,3.0,51.37-100.0,2.0,5.27-7.3,2.0,36.0-51.87,3.0,7.35-25.68,3.0,52.22-100.0,0.0,0.0-47.78,1.0,11.33-24.5
103,126,1174,10003013200,10.73,139,79,189,0,2855,407,14.26,0.4641,,54630.0,41955.0,1051,36.81,509,163,32.02,1325,46.41,256,8.97,1434,49.77,138,1619,8.52,66,14,180,116,130,246,52.85,47.15,874,30.61,2.0,8.52-15.79,3.0,7.69-30.05,3.0,0.45-0.59,2.0,35.78-40.2,0.0,0.0-32.08,1.0,42.22-46.67,3.0,7.3-25.24,2.0,36.0-51.87,3.0,7.35-25.68,3.0,52.22-100.0,0.0,0.0-47.78,2.0,24.5-39.14
104,67,764,10003013300,8.77,0,24,79,0,1867,103,5.52,0.3246,88125.0,86346.0,68450.0,716,38.35,57,21,36.84,1030,55.17,108,5.78,1450,22.34,55,1089,5.05,50,19,69,18,37,119,31.09,68.91,59,3.16,2.0,8.52-15.79,2.0,4.75-7.69,0.0,0.28-0.37,2.0,35.78-40.2,1.0,32.08-44.84,3.0,51.37-100.0,2.0,5.27-7.3,1.0,18.46-36.0,2.0,4.62-7.35,1.0,21.04-35.8,2.0,64.2-78.96,0.0,0.78-11.33
105,46,999,10003013400,4.6,0,30,56,0,2239,86,3.84,0.378,129103.0,99188.0,63300.0,946,42.25,150,92,61.33,1052,46.99,45,2.01,1803,19.47,37,1116,3.32,39,0,0,0,0,39,0.0,100.0,313,13.98,1.0,4.29-8.52,1.0,2.58-4.75,1.0,0.37-0.41,3.0,40.2-59.88,3.0,56.92-100.0,2.0,46.67-51.37,0.0,0.0-3.02,1.0,18.46-36.0,1.0,2.6-4.62,0.0,0.0-21.04,3.0,78.96-100.0,1.0,11.33-24.5
106,0,2589,10003013501,0.0,68,48,97,0,6952,213,3.06,0.4019,234286.0,155385.0,91196.0,2469,35.51,275,204,74.18,2884,41.48,117,1.68,5929,14.72,213,3110,6.85,144,0,169,48,48,313,15.34,84.66,837,12.04,0.0,0.0-4.29,1.0,2.58-4.75,1.0,0.37-0.41,1.0,32.09-35.78,3.0,56.92-100.0,0.0,16.51-42.22,0.0,0.0-3.02,0.0,1.59-18.46,2.0,4.62-7.35,0.0,0.0-21.04,3.0,78.96-100.0,1.0,11.33-24.5
107,9,1490,10003013505,0.6,0,0,53,0,3828,53,1.38,0.4164,225368.0,175909.0,74531.0,1442,37.67,380,96,25.26,1746,45.61,110,2.87,3005,21.5,10,1954,0.51,365,217,98,30,247,463,53.35,46.65,697,18.21,0.0,0.0-4.29,0.0,0.0-2.58,2.0,0.41-0.45,2.0,35.78-40.2,0.0,0.0-32.08,1.0,42.22-46.67,0.0,0.0-3.02,1.0,18.46-36.0,0.0,0.0-2.6,3.0,52.22-100.0,0.0,0.0-47.78,1.0,11.33-24.5
108,0,1602,10003013506,0.0,39,7,32,4,4542,82,1.81,0.3653,176750.0,190341.0,119318.0,1602,35.27,25,0,0.0,2292,50.46,85,1.87,3728,17.92,154,2472,6.23,198,34,190,71,105,388,27.06,72.94,659,14.51,0.0,0.0-4.29,0.0,0.0-2.58,0.0,0.28-0.37,1.0,32.09-35.78,0.0,0.0-32.08,2.0,46.67-51.37,0.0,0.0-3.02,0.0,1.59-18.46,2.0,4.62-7.35,1.0,21.04-35.8,2.0,64.2-78.96,1.0,11.33-24.5
109,66,597,10003013507,11.06,44,1,11,0,1642,56,3.41,0.4147,127411.0,,91346.0,565,34.41,28,5,17.86,754,45.92,64,3.9,1247,24.06,0,795,0.0,22,17,39,4,21,61,34.43,65.57,350,21.32,2.0,8.52-15.79,1.0,2.58-4.75,2.0,0.41-0.45,1.0,32.09-35.78,0.0,0.0-32.08,1.0,42.22-46.67,1.0,3.02-5.27,1.0,18.46-36.0,0.0,0.0-2.6,1.0,21.04-35.8,2.0,64.2-78.96,1.0,11.33-24.5
110,58,2118,10003013508,2.74,52,0,46,0,6063,98,1.62,0.4183,248382.0,215667.0,104196.0,2079,34.29,126,74,58.73,2964,48.89,145,2.39,4983,17.81,90,3057,2.94,63,14,282,60,74,345,21.45,78.55,752,12.4,0.0,0.0-4.29,0.0,0.0-2.58,2.0,0.41-0.45,1.0,32.09-35.78,3.0,56.92-100.0,2.0,46.67-51.37,0.0,0.0-3.02,0.0,1.59-18.46,1.0,2.6-4.62,1.0,21.04-35.8,2.0,64.2-78.96,1.0,11.33-24.5
111,25,1597,10003013604,1.57,36,35,153,0,4135,224,5.42,0.3636,78750.0,129495.0,104107.0,1543,37.32,266,127,47.74,2070,50.06,125,3.02,3186,22.95,31,2159,1.44,86,17,89,35,52,175,29.71,70.29,778,18.81,0.0,0.0-4.29,2.0,4.75-7.69,0.0,0.28-0.37,2.0,35.78-40.2,2.0,44.84-56.92,2.0,46.67-51.37,0.0,0.0-3.02,1.0,18.46-36.0,0.0,0.0-2.6,1.0,21.04-35.8,2.0,64.2-78.96,1.0,11.33-24.5
112,191,2856,10003013607,6.69,70,35,139,17,5629,261,4.64,0.4232,89671.0,94478.0,43659.0,2767,49.16,938,321,34.22,3233,57.43,372,6.61,3575,36.49,160,3393,4.72,101,65,127,18,83,228,36.4,63.6,1343,23.86,1.0,4.29-8.52,1.0,2.58-4.75,2.0,0.41-0.45,3.0,40.2-59.88,1.0,32.08-44.84,3.0,51.37-100.0,2.0,5.27-7.3,2.0,36.0-51.87,2.0,4.62-7.35,2.0,35.8-52.22,1.0,47.78-64.2,1.0,11.33-24.5
113,53,832,10003013608,6.37,0,28,55,0,2166,83,3.83,0.4492,88958.0,108021.0,63958.0,748,34.53,302,175,57.95,1147,52.95,125,5.77,1587,26.73,92,1244,7.4,91,41,169,66,107,260,41.15,58.85,389,17.96,1.0,4.29-8.52,1.0,2.58-4.75,3.0,0.45-0.59,1.0,32.09-35.78,3.0,56.92-100.0,3.0,51.37-100.0,2.0,5.27-7.3,1.0,18.46-36.0,3.0,7.35-25.68,2.0,35.8-52.22,1.0,47.78-64.2,1.0,11.33-24.5
114,165,2021,10003013610,8.16,0,30,50,0,5063,80,1.58,0.3807,110625.0,116556.0,104148.0,1912,37.76,481,166,34.51,2437,48.13,19,0.38,3592,29.05,75,2498,3.0,278,40,226,15,55,504,10.91,89.09,643,12.7,1.0,4.29-8.52,0.0,0.0-2.58,1.0,0.37-0.41,2.0,35.78-40.2,1.0,32.08-44.84,2.0,46.67-51.37,0.0,0.0-3.02,1.0,18.46-36.0,1.0,2.6-4.62,0.0,0.0-21.04,3.0,78.96-100.0,1.0,11.33-24.5
115,168,2509,10003013611,6.7,0,32,83,0,5979,115,1.92,0.4519,91214.0,101208.0,76509.0,2383,39.86,1002,261,26.05,3465,57.95,293,4.9,3865,35.36,141,3683,3.83,79,0,100,29,29,179,16.2,83.8,1499,25.07,1.0,4.29-8.52,0.0,0.0-2.58,3.0,0.45-0.59,2.0,35.78-40.2,0.0,0.0-32.08,3.0,51.37-100.0,1.0,3.02-5.27,1.0,18.46-36.0,1.0,2.6-4.62,0.0,0.0-21.04,3.0,78.96-100.0,2.0,24.5-39.14
116,0,1952,10003013612,0.0,8,8,45,10,5541,71,1.28,0.3887,250001.0,185880.0,105795.0,1912,34.51,212,101,47.64,2586,46.67,93,1.68,3313,40.21,68,2676,2.54,131,70,166,32,102,297,34.34,65.66,2008,36.24,0.0,0.0-4.29,0.0,0.0-2.58,1.0,0.37-0.41,1.0,32.09-35.78,2.0,44.84-56.92,1.0,42.22-46.67,0.0,0.0-3.02,2.0,36.0-51.87,0.0,0.0-2.6,1.0,21.04-35.8,2.0,64.2-78.96,2.0,24.5-39.14
117,0,2282,10003013613,0.0,0,191,109,0,5855,300,5.12,0.3967,99708.0,170204.0,73088.0,2222,37.95,467,120,25.7,3374,57.63,145,2.48,4634,20.85,192,3710,5.18,353,165,283,73,238,636,37.42,62.58,742,12.67,0.0,0.0-4.29,2.0,4.75-7.69,1.0,0.37-0.41,2.0,35.78-40.2,0.0,0.0-32.08,3.0,51.37-100.0,0.0,0.0-3.02,1.0,18.46-36.0,2.0,4.62-7.35,2.0,35.8-52.22,1.0,47.78-64.2,1.0,11.33-24.5
118,157,1186,10003013614,13.24,14,158,43,0,3437,215,6.26,0.3442,108512.0,81595.0,67625.0,1157,33.66,414,181,43.72,1903,55.37,46,1.34,1776,48.33,90,2038,4.42,282,141,277,105,246,559,44.01,55.99,657,19.12,2.0,8.52-15.79,2.0,4.75-7.69,0.0,0.28-0.37,1.0,32.09-35.78,1.0,32.08-44.84,3.0,51.37-100.0,0.0,0.0-3.02,2.0,36.0-51.87,1.0,2.6-4.62,2.0,35.8-52.22,1.0,47.78-64.2,1.0,11.33-24.5
119,114,1646,10003013615,6.93,30,17,101,0,3851,148,3.84,0.3922,64391.0,96420.0,46910.0,1391,36.12,313,116,37.06,2046,53.13,370,9.61,2397,37.76,72,2163,3.33,138,54,106,79,133,244,54.51,45.49,676,17.55,1.0,4.29-8.52,1.0,2.58-4.75,1.0,0.37-0.41,2.0,35.78-40.2,1.0,32.08-44.84,3.0,51.37-100.0,3.0,7.3-25.24,2.0,36.0-51.87,1.0,2.6-4.62,3.0,52.22-100.0,0.0,0.0-47.78,1.0,11.33-24.5
120,112,1569,10003013700,7.14,63,220,158,0,4165,441,10.59,0.3847,71389.0,90552.0,75801.0,1448,34.77,845,259,30.65,2537,60.91,182,4.37,1757,57.82,48,2585,1.86,293,177,481,93,270,774,34.88,65.12,1483,35.61,1.0,4.29-8.52,3.0,7.69-30.05,1.0,0.37-0.41,1.0,32.09-35.78,0.0,0.0-32.08,3.0,51.37-100.0,1.0,3.02-5.27,3.0,51.87-97.75,0.0,0.0-2.6,1.0,21.04-35.8,2.0,64.2-78.96,2.0,24.5-39.14
121,60,2639,10003013800,2.27,0,39,75,0,6280,114,1.82,0.3216,88918.0,105288.0,57450.0,2517,40.08,1112,392,35.25,3308,52.68,187,2.98,3664,41.66,105,3398,3.09,88,19,87,14,33,175,18.86,81.14,2311,36.8,0.0,0.0-4.29,0.0,0.0-2.58,0.0,0.28-0.37,2.0,35.78-40.2,1.0,32.08-44.84,3.0,51.37-100.0,0.0,0.0-3.02,2.0,36.0-51.87,1.0,2.6-4.62,0.0,0.0-21.04,3.0,78.96-100.0,2.0,24.5-39.14
122,124,1167,10003013901,10.63,17,59,171,32,3089,279,9.03,0.4168,76111.0,67394.0,57697.0,1050,33.99,350,97,27.71,1581,51.18,182,5.89,1500,51.44,84,1688,4.98,345,151,97,0,151,442,34.16,65.84,740,23.96,2.0,8.52-15.79,3.0,7.69-30.05,2.0,0.41-0.45,1.0,32.09-35.78,0.0,0.0-32.08,2.0,46.67-51.37,2.0,5.27-7.3,2.0,36.0-51.87,2.0,4.62-7.35,1.0,21.04-35.8,2.0,64.2-78.96,1.0,11.33-24.5
123,119,1663,10003013903,7.16,39,115,62,0,5359,216,4.03,0.3566,121756.0,142301.0,61181.0,1625,30.32,163,19,11.66,2957,55.18,196,3.66,3052,43.05,96,3107,3.09,221,88,232,122,210,453,46.36,53.64,1809,33.76,1.0,4.29-8.52,1.0,2.58-4.75,0.0,0.28-0.37,0.0,0.0-32.09,0.0,0.0-32.08,3.0,51.37-100.0,1.0,3.02-5.27,2.0,36.0-51.87,1.0,2.6-4.62,2.0,35.8-52.22,1.0,47.78-64.2,2.0,24.5-39.14
124,43,1532,10003013905,2.81,0,0,0,0,3857,0,0.0,0.3196,130267.0,65391.0,80599.0,1494,38.73,936,240,25.64,2421,62.77,238,6.17,1502,61.06,80,2503,3.2,283,280,125,0,280,408,68.63,31.37,2289,59.35,0.0,0.0-4.29,0.0,0.0-2.58,0.0,0.28-0.37,2.0,35.78-40.2,0.0,0.0-32.08,3.0,51.37-100.0,2.0,5.27-7.3,3.0,51.87-97.75,1.0,2.6-4.62,3.0,52.22-100.0,0.0,0.0-47.78,3.0,39.14-94.26
125,53,1881,10003013906,2.82,64,0,0,18,4503,82,1.82,0.424,85089.0,143906.0,158200.0,1861,41.33,740,173,23.38,2828,62.8,136,3.02,1945,56.81,64,2886,2.22,198,136,109,47,183,307,59.61,40.39,2306,51.21,0.0,0.0-4.29,0.0,0.0-2.58,2.0,0.41-0.45,3.0,40.2-59.88,0.0,0.0-32.08,3.0,51.37-100.0,0.0,0.0-3.02,3.0,51.87-97.75,0.0,0.0-2.6,3.0,52.22-100.0,0.0,0.0-47.78,3.0,39.14-94.26
126,372,1955,10003014000,19.03,168,311,62,31,4743,572,12.06,0.4428,53464.0,116332.0,,1830,38.58,1016,508,50.0,2379,50.16,529,11.15,2083,56.08,131,2581,5.08,209,31,351,86,117,560,20.89,79.11,2102,44.32,3.0,15.79-47.28,3.0,7.69-30.05,2.0,0.41-0.45,2.0,35.78-40.2,2.0,44.84-56.92,2.0,46.67-51.37,3.0,7.3-25.24,3.0,51.87-97.75,2.0,4.62-7.35,0.0,0.0-21.04,3.0,78.96-100.0,3.0,39.14-94.26
127,281,1780,10003014100,15.79,181,180,126,3,4857,490,10.09,0.4883,56130.0,90893.0,25521.0,1743,35.89,641,277,43.21,2265,46.63,336,6.92,3000,38.23,146,2458,5.94,250,49,174,35,84,424,19.81,80.19,1294,26.64,2.0,8.52-15.79,3.0,7.69-30.05,3.0,0.45-0.59,2.0,35.78-40.2,1.0,32.08-44.84,1.0,42.22-46.67,2.0,5.27-7.3,2.0,36.0-51.87,2.0,4.62-7.35,0.0,0.0-21.04,3.0,78.96-100.0,2.0,24.5-39.14
128,22,716,10003014200,3.07,12,42,28,0,1679,82,4.88,0.3543,124500.0,72363.0,,700,41.69,156,120,76.92,920,54.79,88,5.24,1163,30.73,19,939,2.02,79,11,60,51,62,139,44.6,55.4,227,13.52,0.0,0.0-4.29,2.0,4.75-7.69,0.0,0.28-0.37,3.0,40.2-59.88,3.0,56.92-100.0,3.0,51.37-100.0,1.0,3.02-5.27,1.0,18.46-36.0,0.0,0.0-2.6,2.0,35.8-52.22,1.0,47.78-64.2,1.0,11.33-24.5
129,0,539,10003014301,0.0,0,0,28,7,1675,35,2.09,0.3747,203000.0,181406.0,135288.0,518,30.93,15,0,0.0,685,40.9,0,0.0,1454,13.19,24,709,3.39,57,19,38,21,40,95,42.11,57.89,162,9.67,0.0,0.0-4.29,0.0,0.0-2.58,1.0,0.37-0.41,0.0,0.0-32.09,0.0,0.0-32.08,0.0,16.51-42.22,0.0,0.0-3.02,0.0,1.59-18.46,1.0,2.6-4.62,2.0,35.8-52.22,1.0,47.78-64.2,0.0,0.78-11.33
130,38,996,10003014302,3.82,9,112,7,0,5319,128,2.41,0.4485,141932.0,176719.0,88125.0,996,18.73,186,107,57.53,1893,35.59,46,0.86,4186,21.3,135,2028,6.66,1156,269,1914,548,817,3070,26.61,73.39,822,15.45,0.0,0.0-4.29,0.0,0.0-2.58,3.0,0.45-0.59,0.0,0.0-32.09,3.0,56.92-100.0,0.0,16.51-42.22,0.0,0.0-3.02,1.0,18.46-36.0,2.0,4.62-7.35,1.0,21.04-35.8,2.0,64.2-78.96,1.0,11.33-24.5
131,29,1151,10003014402,2.52,0,34,93,0,2875,127,4.42,0.4435,122788.0,123393.0,93750.0,1122,39.03,416,289,69.47,1328,46.19,86,2.99,1945,32.35,26,1371,1.9,659,70,320,53,123,979,12.56,87.44,391,13.6,0.0,0.0-4.29,1.0,2.58-4.75,2.0,0.41-0.45,2.0,35.78-40.2,3.0,56.92-100.0,1.0,42.22-46.67,0.0,0.0-3.02,1.0,18.46-36.0,0.0,0.0-2.6,0.0,0.0-21.04,3.0,78.96-100.0,1.0,11.33-24.5
132,95,1414,10003014403,6.72,10,90,25,0,3748,125,3.34,0.4673,108413.0,103281.0,53875.0,1374,36.66,822,454,55.23,1808,48.24,190,5.07,2189,41.6,164,1984,8.27,308,92,496,45,137,804,17.04,82.96,985,26.28,1.0,4.29-8.52,1.0,2.58-4.75,3.0,0.45-0.59,2.0,35.78-40.2,2.0,44.84-56.92,2.0,46.67-51.37,1.0,3.02-5.27,2.0,36.0-51.87,3.0,7.35-25.68,0.0,0.0-21.04,3.0,78.96-100.0,2.0,24.5-39.14
133,10,1496,10003014404,0.67,28,56,145,13,4259,242,5.68,0.4474,74076.0,124063.0,98594.0,1308,30.71,585,304,51.97,2018,47.38,102,2.39,2336,45.15,203,2254,9.01,428,74,340,13,87,768,11.33,88.67,1160,27.24,0.0,0.0-4.29,2.0,4.75-7.69,3.0,0.45-0.59,0.0,0.0-32.09,2.0,44.84-56.92,2.0,46.67-51.37,0.0,0.0-3.02,2.0,36.0-51.87,3.0,7.35-25.68,0.0,0.0-21.04,3.0,78.96-100.0,2.0,24.5-39.14
134,94,878,10003014501,10.71,0,68,16,1,2001,85,4.25,0.4394,53324.0,51083.0,16786.0,754,37.68,878,586,66.74,895,44.73,101,5.05,1370,31.53,50,978,5.11,844,147,464,21,168,1308,12.84,87.16,337,16.84,2.0,8.52-15.79,1.0,2.58-4.75,2.0,0.41-0.45,2.0,35.78-40.2,3.0,56.92-100.0,1.0,42.22-46.67,1.0,3.02-5.27,1.0,18.46-36.0,2.0,4.62-7.35,0.0,0.0-21.04,3.0,78.96-100.0,1.0,11.33-24.5
135,29,895,10003014502,3.24,87,269,9,0,6842,365,5.33,0.5539,,60500.0,,829,12.12,750,565,75.33,2479,36.23,74,1.08,5579,18.46,334,3005,11.11,2418,668,3437,1074,1742,5855,29.75,70.25,886,12.95,0.0,0.0-4.29,2.0,4.75-7.69,3.0,0.45-0.59,0.0,0.0-32.09,3.0,56.92-100.0,0.0,16.51-42.22,0.0,0.0-3.02,0.0,1.59-18.46,3.0,7.35-25.68,1.0,21.04-35.8,2.0,64.2-78.96,1.0,11.33-24.5
136,33,618,10003014702,5.34,0,66,75,0,1981,141,7.12,0.3426,110556.0,99583.0,95909.0,558,28.17,82,30,36.59,997,50.33,79,3.99,969,51.09,12,1038,1.16,253,149,107,0,149,360,41.39,58.61,518,26.15,1.0,4.29-8.52,2.0,4.75-7.69,0.0,0.28-0.37,0.0,0.0-32.09,1.0,32.08-44.84,2.0,46.67-51.37,1.0,3.02-5.27,2.0,36.0-51.87,0.0,0.0-2.6,2.0,35.8-52.22,1.0,47.78-64.2,2.0,24.5-39.14
137,122,2148,10003014703,5.68,22,277,387,0,5241,686,13.09,0.3467,80172.0,59500.0,61486.0,1843,35.17,1113,544,48.88,2554,48.73,346,6.6,2584,50.7,117,2691,4.35,393,174,173,66,240,566,42.4,57.6,1861,35.51,1.0,4.29-8.52,3.0,7.69-30.05,0.0,0.28-0.37,1.0,32.09-35.78,2.0,44.84-56.92,2.0,46.67-51.37,2.0,5.27-7.3,2.0,36.0-51.87,1.0,2.6-4.62,2.0,35.8-52.22,1.0,47.78-64.2,2.0,24.5-39.14
138,128,2138,10003014705,5.99,12,259,204,0,5216,475,9.11,0.3793,102705.0,80288.0,52639.0,1958,37.54,777,372,47.88,2879,55.2,87,1.67,2942,43.6,100,3006,3.33,220,127,156,68,195,376,51.86,48.14,1635,31.35,1.0,4.29-8.52,3.0,7.69-30.05,1.0,0.37-0.41,2.0,35.78-40.2,2.0,44.84-56.92,3.0,51.37-100.0,0.0,0.0-3.02,2.0,36.0-51.87,1.0,2.6-4.62,2.0,35.8-52.22,1.0,47.78-64.2,2.0,24.5-39.14
139,116,1086,10003014706,10.68,20,11,97,0,3037,128,4.21,0.3701,61190.0,106810.0,135592.0,1017,33.49,500,253,50.6,1684,55.45,99,3.26,1182,61.08,141,1880,7.5,300,120,125,18,138,425,32.47,67.53,1533,50.48,2.0,8.52-15.79,1.0,2.58-4.75,1.0,0.37-0.41,1.0,32.09-35.78,2.0,44.84-56.92,3.0,51.37-100.0,1.0,3.02-5.27,3.0,51.87-97.75,3.0,7.35-25.68,1.0,21.04-35.8,2.0,64.2-78.96,3.0,39.14-94.26
140,99,1692,10003014803,5.85,0,12,60,0,3793,72,1.9,0.4339,60466.0,129063.0,62632.0,1565,41.26,363,129,35.54,2093,55.18,85,2.24,2451,35.38,36,2129,1.69,102,16,73,12,28,175,16.0,84.0,1107,29.19,1.0,4.29-8.52,0.0,0.0-2.58,2.0,0.41-0.45,3.0,40.2-59.88,1.0,32.08-44.84,3.0,51.37-100.0,0.0,0.0-3.02,1.0,18.46-36.0,0.0,0.0-2.6,0.0,0.0-21.04,3.0,78.96-100.0,2.0,24.5-39.14
141,259,2319,10003014808,11.17,38,158,178,0,6446,374,5.8,0.432,64970.0,116250.0,64884.0,2116,32.83,637,306,48.04,3432,53.24,177,2.75,2318,64.04,322,3766,8.55,366,200,181,52,252,547,46.07,53.93,3353,52.02,2.0,8.52-15.79,2.0,4.75-7.69,2.0,0.41-0.45,1.0,32.09-35.78,2.0,44.84-56.92,3.0,51.37-100.0,0.0,0.0-3.02,3.0,51.87-97.75,3.0,7.35-25.68,2.0,35.8-52.22,1.0,47.78-64.2,3.0,39.14-94.26
142,143,3114,10003014809,4.59,0,89,499,16,8575,604,7.04,0.3445,123315.0,103085.0,76318.0,2962,34.54,645,273,42.33,4667,54.43,158,1.84,5491,35.97,530,5251,10.09,160,19,311,46,65,471,13.8,86.2,2717,31.69,1.0,4.29-8.52,2.0,4.75-7.69,0.0,0.28-0.37,1.0,32.09-35.78,1.0,32.08-44.84,3.0,51.37-100.0,0.0,0.0-3.02,1.0,18.46-36.0,3.0,7.35-25.68,0.0,0.0-21.04,3.0,78.96-100.0,2.0,24.5-39.14
143,152,2560,10003014810,5.94,0,125,0,0,7029,125,1.78,0.3407,89402.0,128571.0,91932.0,2457,34.96,600,249,41.5,3932,55.94,241,3.43,4233,39.78,343,4268,8.04,328,83,115,1,84,443,18.96,81.04,2233,31.77,1.0,4.29-8.52,0.0,0.0-2.58,0.0,0.28-0.37,1.0,32.09-35.78,1.0,32.08-44.84,3.0,51.37-100.0,1.0,3.02-5.27,2.0,36.0-51.87,3.0,7.35-25.68,0.0,0.0-21.04,3.0,78.96-100.0,2.0,24.5-39.14
144,104,2401,10003014811,4.33,0,69,105,0,6859,174,2.54,0.282,143650.0,162564.0,100000.0,2365,34.48,151,45,29.8,3581,52.21,28,0.41,3431,49.98,218,3824,5.7,251,99,226,97,196,477,41.09,58.91,3131,45.65,1.0,4.29-8.52,0.0,0.0-2.58,0.0,0.28-0.37,1.0,32.09-35.78,0.0,0.0-32.08,3.0,51.37-100.0,0.0,0.0-3.02,2.0,36.0-51.87,2.0,4.62-7.35,2.0,35.8-52.22,1.0,47.78-64.2,3.0,39.14-94.26
145,35,1582,10003014812,2.21,0,23,29,17,4765,69,1.45,0.2953,127050.0,159688.0,79706.0,1574,33.03,119,0,0.0,2786,58.47,141,2.96,2900,39.14,79,2859,2.76,196,55,100,44,99,296,33.45,66.55,1688,35.42,0.0,0.0-4.29,0.0,0.0-2.58,0.0,0.28-0.37,1.0,32.09-35.78,0.0,0.0-32.08,3.0,51.37-100.0,0.0,0.0-3.02,2.0,36.0-51.87,1.0,2.6-4.62,1.0,21.04-35.8,2.0,64.2-78.96,2.0,24.5-39.14
146,382,2333,10003014813,16.37,129,530,65,0,5887,724,12.3,0.3915,89833.0,118304.0,62778.0,2120,36.01,984,226,22.97,3328,56.53,311,5.28,2080,64.67,71,3437,2.07,61,0,741,48,48,802,5.99,94.01,2286,38.83,3.0,15.79-47.28,3.0,7.69-30.05,1.0,0.37-0.41,2.0,35.78-40.2,0.0,0.0-32.08,3.0,51.37-100.0,2.0,5.27-7.3,3.0,51.87-97.75,0.0,0.0-2.6,0.0,0.0-21.04,3.0,78.96-100.0,2.0,24.5-39.14
147,128,1488,10003014814,8.6,41,76,122,24,4072,263,6.46,0.3099,101632.0,140393.0,107820.0,1455,35.73,158,56,35.44,2094,51.42,157,3.86,2452,39.78,21,2126,0.99,108,40,149,52,92,257,35.8,64.2,1417,34.8,2.0,8.52-15.79,2.0,4.75-7.69,0.0,0.28-0.37,1.0,32.09-35.78,1.0,32.08-44.84,3.0,51.37-100.0,1.0,3.02-5.27,2.0,36.0-51.87,0.0,0.0-2.6,1.0,21.04-35.8,1.0,47.78-64.2,2.0,24.5-39.14
148,283,2908,10003014903,9.73,121,469,457,102,8288,1149,13.86,0.3757,95096.0,75489.0,,2738,33.04,1255,635,50.6,3920,47.3,448,5.41,2013,75.71,426,4539,9.39,461,175,567,213,388,1028,37.74,62.26,3940,47.54,2.0,8.52-15.79,3.0,7.69-30.05,1.0,0.37-0.41,1.0,32.09-35.78,2.0,44.84-56.92,2.0,46.67-51.37,2.0,5.27-7.3,3.0,51.87-97.75,3.0,7.35-25.68,2.0,35.8-52.22,1.0,47.78-64.2,3.0,39.14-94.26
149,299,2358,10003014904,12.68,0,92,43,0,5691,135,2.37,0.4039,96837.0,83949.0,43586.0,1898,33.35,1153,517,44.84,2875,50.52,311,5.46,2729,52.05,97,3112,3.12,245,176,338,80,256,583,43.91,56.09,1791,31.47,2.0,8.52-15.79,0.0,0.0-2.58,1.0,0.37-0.41,1.0,32.09-35.78,1.0,32.08-44.84,2.0,46.67-51.37,2.0,5.27-7.3,3.0,51.87-97.75,1.0,2.6-4.62,2.0,35.8-52.22,1.0,47.78-64.2,2.0,24.5-39.14
150,355,1999,10003014906,17.76,69,321,232,63,5314,685,12.89,0.395,44564.0,75132.0,39167.0,1891,35.59,1091,789,72.32,2386,44.9,326,6.13,842,84.16,96,2588,3.71,146,104,178,50,154,324,47.53,52.47,3541,66.64,3.0,15.79-47.28,3.0,7.69-30.05,1.0,0.37-0.41,1.0,32.09-35.78,3.0,56.92-100.0,1.0,42.22-46.67,2.0,5.27-7.3,3.0,51.87-97.75,1.0,2.6-4.62,2.0,35.8-52.22,1.0,47.78-64.2,3.0,39.14-94.26
151,176,2104,10003014907,8.37,181,214,289,0,4903,684,13.95,0.3646,85556.0,62386.0,56250.0,1748,35.65,539,238,44.16,2728,55.64,651,13.28,1513,69.14,235,2985,7.87,95,49,220,33,82,315,26.03,73.97,1944,39.65,1.0,4.29-8.52,3.0,7.69-30.05,0.0,0.28-0.37,1.0,32.09-35.78,1.0,32.08-44.84,3.0,51.37-100.0,3.0,7.3-25.24,3.0,51.87-97.75,3.0,7.35-25.68,1.0,21.04-35.8,2.0,64.2-78.96,3.0,39.14-94.26
152,213,1295,10003014908,16.45,16,41,0,11,2637,68,2.58,0.404,34539.0,44702.0,,1060,40.2,947,432,45.62,1309,49.64,243,9.22,521,80.24,96,1454,6.6,139,98,64,37,135,203,66.5,33.5,1851,70.19,3.0,15.79-47.28,0.0,0.0-2.58,1.0,0.37-0.41,2.0,35.78-40.2,2.0,44.84-56.92,2.0,46.67-51.37,3.0,7.3-25.24,3.0,51.87-97.75,2.0,4.62-7.35,3.0,52.22-100.0,0.0,0.0-47.78,3.0,39.14-94.26
153,319,2425,10003014909,13.15,63,132,240,0,6481,435,6.71,0.331,65062.0,83152.0,60586.0,2219,34.24,1209,591,48.88,3329,51.37,458,7.07,1793,72.33,160,3545,4.51,89,18,460,294,312,549,56.83,43.17,3768,58.14,2.0,8.52-15.79,2.0,4.75-7.69,0.0,0.28-0.37,1.0,32.09-35.78,2.0,44.84-56.92,2.0,46.67-51.37,2.0,5.27-7.3,3.0,51.87-97.75,1.0,2.6-4.62,3.0,52.22-100.0,0.0,0.0-47.78,3.0,39.14-94.26
154,268,1841,10003015000,14.56,0,43,390,0,5628,433,7.69,0.3927,60710.0,102738.0,64702.0,1635,29.05,668,388,58.08,2803,49.8,539,9.58,3077,45.33,161,2903,5.55,166,63,261,203,266,427,62.3,37.7,1968,34.97,2.0,8.52-15.79,2.0,4.75-7.69,1.0,0.37-0.41,0.0,0.0-32.09,3.0,56.92-100.0,2.0,46.67-51.37,3.0,7.3-25.24,2.0,36.0-51.87,2.0,4.62-7.35,3.0,52.22-100.0,0.0,0.0-47.78,2.0,24.5-39.14
155,139,1416,10003015100,9.82,43,44,220,0,3483,307,8.81,0.4108,79702.0,65208.0,50760.0,1211,34.77,203,72,35.47,1844,52.94,191,5.48,2190,37.12,81,1987,4.08,178,44,193,17,61,371,16.44,83.56,952,27.33,2.0,8.52-15.79,3.0,7.69-30.05,2.0,0.41-0.45,1.0,32.09-35.78,1.0,32.08-44.84,3.0,51.37-100.0,2.0,5.27-7.3,2.0,36.0-51.87,1.0,2.6-4.62,0.0,0.0-21.04,3.0,78.96-100.0,2.0,24.5-39.14
156,196,2301,10003015200,8.52,40,89,401,0,6158,530,8.61,0.3992,84259.0,73929.0,90313.0,1942,31.54,640,216,33.75,3101,50.36,501,8.14,2220,63.95,178,3327,5.35,282,160,452,98,258,734,35.15,64.85,2212,35.92,1.0,4.29-8.52,3.0,7.69-30.05,1.0,0.37-0.41,0.0,0.0-32.09,1.0,32.08-44.84,2.0,46.67-51.37,3.0,7.3-25.24,3.0,51.87-97.75,2.0,4.62-7.35,1.0,21.04-35.8,2.0,64.2-78.96,2.0,24.5-39.14
157,242,1112,10003015400,21.76,0,68,68,0,2814,136,4.83,0.3367,56705.0,56837.0,57061.0,1083,38.49,265,145,54.72,1168,41.51,243,8.64,107,96.2,109,1366,7.98,178,110,67,0,110,245,44.9,55.1,2341,83.19,3.0,15.79-47.28,2.0,4.75-7.69,0.0,0.28-0.37,2.0,35.78-40.2,2.0,44.84-56.92,0.0,16.51-42.22,3.0,7.3-25.24,3.0,51.87-97.75,3.0,7.35-25.68,2.0,35.8-52.22,1.0,47.78-64.2,3.0,39.14-94.26
158,298,959,10003015502,31.07,65,111,145,39,2449,360,14.7,0.435,77567.0,52703.0,46250.0,770,31.44,258,152,58.91,1036,42.3,315,12.86,594,75.75,85,1160,7.33,167,63,118,25,88,285,30.88,69.12,1119,45.69,3.0,15.79-47.28,3.0,7.69-30.05,2.0,0.41-0.45,0.0,0.0-32.09,3.0,56.92-100.0,1.0,42.22-46.67,3.0,7.3-25.24,3.0,51.87-97.75,2.0,4.62-7.35,1.0,21.04-35.8,2.0,64.2-78.96,3.0,39.14-94.26
159,140,738,10003015600,18.97,33,70,131,0,2424,234,9.65,0.363,98229.0,76000.0,56000.0,631,26.03,164,64,39.02,1019,42.04,177,7.3,387,84.03,63,1145,5.5,195,44,24,16,60,219,27.4,72.6,1447,59.69,3.0,15.79-47.28,3.0,7.69-30.05,0.0,0.28-0.37,0.0,0.0-32.09,1.0,32.08-44.84,0.0,16.51-42.22,2.0,5.27-7.3,3.0,51.87-97.75,2.0,4.62-7.35,1.0,21.04-35.8,2.0,64.2-78.96,3.0,39.14-94.26
160,163,737,10003015802,22.12,42,68,108,0,2432,218,8.96,0.3807,76944.0,56375.0,40938.0,662,27.22,59,25,42.37,1216,50.0,147,6.04,847,65.17,87,1314,6.62,139,73,82,29,102,221,46.15,53.85,590,24.26,3.0,15.79-47.28,3.0,7.69-30.05,1.0,0.37-0.41,0.0,0.0-32.09,1.0,32.08-44.84,2.0,46.67-51.37,2.0,5.27-7.3,3.0,51.87-97.75,2.0,4.62-7.35,2.0,35.8-52.22,1.0,47.78-64.2,1.0,11.33-24.5
161,123,1232,10003015900,9.98,28,53,141,0,3363,222,6.6,0.3634,105139.0,73167.0,50660.0,1079,32.08,142,69,48.59,1379,41.01,187,5.56,1831,45.55,128,1527,8.38,80,79,98,32,111,178,62.36,37.64,1334,39.67,2.0,8.52-15.79,2.0,4.75-7.69,0.0,0.28-0.37,0.0,0.0-32.09,2.0,44.84-56.92,0.0,16.51-42.22,2.0,5.27-7.3,2.0,36.0-51.87,3.0,7.35-25.68,3.0,52.22-100.0,0.0,0.0-47.78,3.0,39.14-94.26
162,61,945,10003016000,6.46,12,163,85,14,2813,274,9.74,0.3802,66053.0,60938.0,67337.0,806,28.65,283,160,56.54,1052,37.4,221,7.86,612,78.24,107,1168,9.16,85,15,54,30,45,139,32.37,67.63,1213,43.12,1.0,4.29-8.52,3.0,7.69-30.05,1.0,0.37-0.41,0.0,0.0-32.09,2.0,44.84-56.92,0.0,16.51-42.22,3.0,7.3-25.24,3.0,51.87-97.75,3.0,7.35-25.68,1.0,21.04-35.8,2.0,64.2-78.96,3.0,39.14-94.26
163,44,1089,10003016100,4.04,0,22,25,0,2105,47,2.23,0.4887,,83897.0,48679.0,1012,48.08,298,203,68.12,1175,55.82,133,6.32,1475,29.93,30,1236,2.43,99,52,47,7,59,146,40.41,59.59,550,26.13,0.0,0.0-4.29,0.0,0.0-2.58,3.0,0.45-0.59,3.0,40.2-59.88,3.0,56.92-100.0,3.0,51.37-100.0,2.0,5.27-7.3,1.0,18.46-36.0,0.0,0.0-2.6,2.0,35.8-52.22,1.0,47.78-64.2,2.0,24.5-39.14
164,40,1381,10003016200,2.9,23,61,59,0,2664,143,5.37,0.3262,98905.0,107604.0,95400.0,1259,47.26,728,131,17.99,1812,68.02,297,11.15,1807,32.17,14,1816,0.77,45,45,37,0,45,82,54.88,45.12,718,26.95,0.0,0.0-4.29,2.0,4.75-7.69,0.0,0.28-0.37,3.0,40.2-59.88,0.0,0.0-32.08,3.0,51.37-100.0,3.0,7.3-25.24,1.0,18.46-36.0,0.0,0.0-2.6,3.0,52.22-100.0,0.0,0.0-47.78,2.0,24.5-39.14
165,323,2774,10003016301,11.64,86,119,307,0,7042,512,7.27,0.3568,98104.0,84024.0,68056.0,2561,36.37,752,331,44.02,3822,54.27,288,4.09,3080,56.26,266,4200,6.33,173,139,228,139,278,401,69.33,30.67,3063,43.5,2.0,8.52-15.79,2.0,4.75-7.69,0.0,0.28-0.37,2.0,35.78-40.2,1.0,32.08-44.84,3.0,51.37-100.0,1.0,3.02-5.27,3.0,51.87-97.75,2.0,4.62-7.35,3.0,52.22-100.0,0.0,0.0-47.78,3.0,39.14-94.26
166,135,1677,10003016306,8.05,10,207,67,0,4485,284,6.33,0.3801,113158.0,139667.0,63690.0,1556,34.69,339,109,32.15,2538,56.59,204,4.55,1720,61.65,95,2659,3.57,292,117,212,72,189,504,37.5,62.5,2210,49.28,1.0,4.29-8.52,2.0,4.75-7.69,1.0,0.37-0.41,1.0,32.09-35.78,1.0,32.08-44.84,3.0,51.37-100.0,1.0,3.02-5.27,3.0,51.87-97.75,1.0,2.6-4.62,2.0,35.8-52.22,1.0,47.78-64.2,3.0,39.14-94.26
167,45,942,10003016307,4.78,44,17,60,0,2457,121,4.92,0.3058,115885.0,109804.0,68250.0,918,37.36,0,0,,1404,57.14,96,3.91,1013,58.77,103,1526,6.75,134,0,123,24,24,257,9.34,90.66,981,39.93,1.0,4.29-8.52,2.0,4.75-7.69,0.0,0.28-0.37,2.0,35.78-40.2,,,3.0,51.37-100.0,1.0,3.02-5.27,3.0,51.87-97.75,2.0,4.62-7.35,0.0,0.0-21.04,3.0,78.96-100.0,3.0,39.14-94.26
168,115,1598,10003016308,7.2,0,163,35,0,4169,198,4.75,0.5426,35819.0,117061.0,76705.0,1422,34.11,837,496,59.26,2654,63.66,460,11.03,1111,73.35,90,2805,3.21,292,33,270,121,154,562,27.4,72.6,2912,69.85,1.0,4.29-8.52,1.0,2.58-4.75,3.0,0.45-0.59,1.0,32.09-35.78,3.0,56.92-100.0,3.0,51.37-100.0,3.0,7.3-25.24,3.0,51.87-97.75,1.0,2.6-4.62,1.0,21.04-35.8,2.0,64.2-78.96,3.0,39.14-94.26
169,127,1593,10003016309,7.97,36,149,61,0,3574,246,6.88,0.3916,86424.0,,38814.0,1404,39.28,688,283,41.13,2221,62.14,287,8.03,1327,62.87,69,2315,2.98,193,142,153,75,217,346,62.72,37.28,1965,54.98,1.0,4.29-8.52,2.0,4.75-7.69,1.0,0.37-0.41,2.0,35.78-40.2,1.0,32.08-44.84,3.0,51.37-100.0,3.0,7.3-25.24,3.0,51.87-97.75,1.0,2.6-4.62,3.0,52.22-100.0,0.0,0.0-47.78,3.0,39.14-94.26
170,209,2216,10003016401,9.43,180,51,357,0,6863,588,8.57,0.4005,96902.0,177614.0,82404.0,2168,31.59,139,0,0.0,3405,49.61,150,2.19,3349,51.2,156,3622,4.31,774,280,150,59,339,924,36.69,63.31,3045,44.37,2.0,8.52-15.79,3.0,7.69-30.05,1.0,0.37-0.41,0.0,0.0-32.09,0.0,0.0-32.08,2.0,46.67-51.37,0.0,0.0-3.02,2.0,36.0-51.87,1.0,2.6-4.62,2.0,35.8-52.22,1.0,47.78-64.2,3.0,39.14-94.26
171,75,1108,10003016404,6.77,0,48,111,0,3109,159,5.11,0.426,75000.0,116071.0,59821.0,1006,32.36,261,129,49.43,1575,50.66,154,4.95,2162,30.46,116,1757,6.6,265,133,141,27,160,406,39.41,60.59,695,22.35,1.0,4.29-8.52,2.0,4.75-7.69,2.0,0.41-0.45,1.0,32.09-35.78,2.0,44.84-56.92,2.0,46.67-51.37,1.0,3.02-5.27,1.0,18.46-36.0,2.0,4.62-7.35,2.0,35.8-52.22,1.0,47.78-64.2,1.0,11.33-24.5
172,8,2372,10003016608,0.34,0,0,37,18,7177,55,0.77,0.3771,114837.0,183405.0,95883.0,2284,31.82,113,48,42.48,3029,42.2,177,2.47,4475,37.65,81,3108,2.61,160,55,222,5,60,382,15.71,84.29,2446,34.08,0.0,0.0-4.29,0.0,0.0-2.58,1.0,0.37-0.41,0.0,0.0-32.09,1.0,32.08-44.84,0.0,16.51-42.22,0.0,0.0-3.02,2.0,36.0-51.87,1.0,2.6-4.62,0.0,0.0-21.04,3.0,78.96-100.0,2.0,24.5-39.14
173,42,1558,10003016609,2.7,125,20,211,0,4777,356,7.45,0.3384,186250.0,184910.0,122992.0,1502,31.44,24,9,37.5,2470,51.71,70,1.47,3975,16.79,100,2570,3.89,105,24,154,2,26,259,10.04,89.96,623,13.04,0.0,0.0-4.29,2.0,4.75-7.69,0.0,0.28-0.37,0.0,0.0-32.09,1.0,32.08-44.84,3.0,51.37-100.0,0.0,0.0-3.02,0.0,1.59-18.46,1.0,2.6-4.62,0.0,0.0-21.04,3.0,78.96-100.0,1.0,11.33-24.5
174,214,3145,10003016610,6.8,21,373,157,0,6890,551,8.0,0.3587,90439.0,94450.0,47120.0,3002,43.57,1236,397,32.12,2712,39.36,405,5.88,3429,50.23,302,3169,9.53,397,37,39,0,37,436,8.49,91.51,2638,38.29,1.0,4.29-8.52,3.0,7.69-30.05,0.0,0.28-0.37,3.0,40.2-59.88,1.0,32.08-44.84,0.0,16.51-42.22,2.0,5.27-7.3,2.0,36.0-51.87,3.0,7.35-25.68,0.0,0.0-21.04,3.0,78.96-100.0,2.0,24.5-39.14
175,94,2796,10003016611,3.36,0,82,105,0,8349,187,2.24,0.375,158929.0,135804.0,,2571,30.79,215,129,60.0,4049,48.5,61,0.73,4807,42.42,327,4363,7.49,161,142,147,42,184,308,59.74,40.26,3268,39.14,0.0,0.0-4.29,0.0,0.0-2.58,1.0,0.37-0.41,0.0,0.0-32.09,3.0,56.92-100.0,2.0,46.67-51.37,0.0,0.0-3.02,2.0,36.0-51.87,3.0,7.35-25.68,3.0,52.22-100.0,0.0,0.0-47.78,2.0,24.5-39.14
176,55,2515,10003016612,2.19,40,36,29,0,6655,105,1.58,0.4669,186496.0,182705.0,130782.0,2515,37.79,64,47,73.44,3534,53.1,114,1.71,4351,34.62,104,3653,2.85,145,77,266,146,223,411,54.26,45.74,1810,27.2,0.0,0.0-4.29,0.0,0.0-2.58,3.0,0.45-0.59,2.0,35.78-40.2,3.0,56.92-100.0,3.0,51.37-100.0,0.0,0.0-3.02,1.0,18.46-36.0,1.0,2.6-4.62,3.0,52.22-100.0,0.0,0.0-47.78,2.0,24.5-39.14
177,374,1841,10003016613,20.32,0,0,0,0,5682,0,0.0,0.3336,119399.0,92683.0,88929.0,1723,30.32,663,158,23.83,2497,43.95,41,0.72,2309,59.36,151,2665,5.67,243,0,253,253,253,496,51.01,48.99,2709,47.68,3.0,15.79-47.28,0.0,0.0-2.58,0.0,0.28-0.37,0.0,0.0-32.09,0.0,0.0-32.08,1.0,42.22-46.67,0.0,0.0-3.02,3.0,51.87-97.75,2.0,4.62-7.35,2.0,35.8-52.22,1.0,47.78-64.2,3.0,39.14-94.26
178,267,2176,10003016614,12.27,14,0,20,0,6953,34,0.49,0.2886,128765.0,148317.0,85000.0,2147,30.88,341,89,26.1,3936,56.61,132,1.9,4930,29.1,208,4146,5.02,189,88,360,44,132,549,24.04,75.96,1751,25.18,2.0,8.52-15.79,0.0,0.0-2.58,0.0,0.28-0.37,0.0,0.0-32.09,0.0,0.0-32.08,3.0,51.37-100.0,0.0,0.0-3.02,1.0,18.46-36.0,2.0,4.62-7.35,1.0,21.04-35.8,2.0,64.2-78.96,2.0,24.5-39.14
179,7,588,10003016805,1.19,0,74,65,0,1757,139,7.91,0.3581,171875.0,124107.0,72639.0,502,28.57,99,55,55.56,928,52.82,87,4.95,1678,4.5,20,948,2.11,86,86,80,60,146,166,87.95,12.05,22,1.25,0.0,0.0-4.29,3.0,7.69-30.05,0.0,0.28-0.37,0.0,0.0-32.09,2.0,44.84-56.92,3.0,51.37-100.0,1.0,3.02-5.27,0.0,1.59-18.46,0.0,0.0-2.6,3.0,52.22-100.0,0.0,0.0-47.78,0.0,0.78-11.33
180,77,1665,10003016806,4.62,125,147,19,38,5508,329,5.97,0.3552,119830.0,153462.0,92438.0,1612,29.27,98,18,18.37,2697,48.97,191,3.47,2380,56.79,189,2875,6.57,232,79,39,6,85,271,31.37,68.63,2588,46.99,1.0,4.29-8.52,2.0,4.75-7.69,0.0,0.28-0.37,0.0,0.0-32.09,0.0,0.0-32.08,2.0,46.67-51.37,1.0,3.02-5.27,3.0,51.87-97.75,2.0,4.62-7.35,1.0,21.04-35.8,2.0,64.2-78.96,3.0,39.14-94.26
181,0,480,10003016807,0.0,0,30,0,0,1615,30,1.86,0.3551,229688.0,171875.0,,480,29.72,22,22,100.0,937,58.02,22,1.36,1333,17.46,50,987,5.07,20,20,85,50,70,105,66.67,33.33,236,14.61,0.0,0.0-4.29,0.0,0.0-2.58,0.0,0.28-0.37,0.0,0.0-32.09,3.0,56.92-100.0,3.0,51.37-100.0,0.0,0.0-3.02,0.0,1.59-18.46,2.0,4.62-7.35,3.0,52.22-100.0,0.0,0.0-47.78,1.0,11.33-24.5
182,61,2218,10003016808,2.75,11,62,100,2,7031,175,2.49,0.344,151726.0,130909.0,90284.0,2081,29.6,112,73,65.18,3515,49.99,91,1.29,4373,37.8,66,3621,1.82,127,15,169,2,17,296,5.74,94.26,1993,28.35,0.0,0.0-4.29,0.0,0.0-2.58,0.0,0.28-0.37,0.0,0.0-32.09,3.0,56.92-100.0,2.0,46.67-51.37,0.0,0.0-3.02,2.0,36.0-51.87,0.0,0.0-2.6,0.0,0.0-21.04,3.0,78.96-100.0,2.0,24.5-39.14
183,18,743,10003016901,2.42,6,10,18,0,2278,34,1.49,0.3694,119643.0,112500.0,40268.0,611,26.82,40,11,27.5,1000,43.9,120,5.27,2199,3.47,89,1117,7.97,121,25,144,28,53,265,20.0,80.0,60,2.63,0.0,0.0-4.29,0.0,0.0-2.58,0.0,0.28-0.37,0.0,0.0-32.09,0.0,0.0-32.08,1.0,42.22-46.67,1.0,3.02-5.27,0.0,1.59-18.46,3.0,7.35-25.68,0.0,0.0-21.04,3.0,78.96-100.0,0.0,0.78-11.33
184,33,518,10003016904,6.37,9,10,24,0,3512,43,1.22,0.3481,95313.0,92583.0,69821.0,408,11.62,90,16,17.78,580,16.51,87,2.48,1956,44.31,97,685,14.16,171,83,32,7,90,203,44.33,55.67,1324,37.7,1.0,4.29-8.52,0.0,0.0-2.58,0.0,0.28-0.37,0.0,0.0-32.09,0.0,0.0-32.08,0.0,16.51-42.22,0.0,0.0-3.02,2.0,36.0-51.87,3.0,7.35-25.68,2.0,35.8-52.22,1.0,47.78-64.2,2.0,24.5-39.14
185,0,0,10003980100,,0,0,0,0,0,0,,,,,,0,,0,0,,0,,0,,0,,0,0,,0,0,0,0,0,0,,,0,,,,,,,,,,,,,,,,,,,,,,,,,
186,0,0,10003990100,,0,0,0,0,0,0,,,,,,0,,0,0,,0,,0,,0,,0,0,,0,0,0,0,0,0,,,0,,,,,,,,,,,,,,,,,,,,,,,,,
187,163,1490,10005050101,10.94,36,109,81,0,4076,226,5.54,0.3634,92893.0,94048.0,49750.0,1263,30.99,235,24,10.21,1973,48.41,167,4.1,3357,17.64,52,2038,2.55,237,70,164,39,109,401,27.18,72.82,450,11.04,2.0,8.52-15.79,2.0,4.75-7.69,0.0,0.28-0.37,0.0,0.0-32.09,0.0,0.0-32.08,2.0,46.67-51.37,1.0,3.02-5.27,0.0,1.59-18.46,0.0,0.0-2.6,1.0,21.04-35.8,2.0,64.2-78.96,0.0,0.78-11.33
188,151,2268,10005050103,6.66,19,11,100,0,5610,130,2.32,0.4094,114018.0,94158.0,71635.0,2161,38.52,298,64,21.48,2341,41.73,162,2.89,4738,15.54,63,2492,2.53,128,17,91,0,17,219,7.76,92.24,697,12.42,1.0,4.29-8.52,0.0,0.0-2.58,2.0,0.41-0.45,2.0,35.78-40.2,0.0,0.0-32.08,0.0,16.51-42.22,0.0,0.0-3.02,0.0,1.59-18.46,0.0,0.0-2.6,0.0,0.0-21.04,3.0,78.96-100.0,1.0,11.33-24.5
189,296,1874,10005050104,15.8,132,260,176,0,5014,568,11.33,0.445,56908.0,74556.0,46056.0,1589,31.69,753,441,58.57,2334,46.55,258,5.15,2719,45.77,141,2490,5.66,123,28,157,77,105,280,37.5,62.5,1356,27.04,3.0,15.79-47.28,3.0,7.69-30.05,2.0,0.41-0.45,0.0,0.0-32.09,3.0,56.92-100.0,1.0,42.22-46.67,1.0,3.02-5.27,2.0,36.0-51.87,2.0,4.62-7.35,2.0,35.8-52.22,1.0,47.78-64.2,2.0,24.5-39.14
190,276,2042,10005050105,13.52,0,334,155,0,5956,489,8.21,0.3784,83143.0,58245.0,63207.0,1723,28.93,293,101,34.47,2800,47.01,408,6.85,3370,43.42,82,3045,2.69,250,81,390,134,215,640,33.59,66.41,1956,32.84,2.0,8.52-15.79,3.0,7.69-30.05,1.0,0.37-0.41,0.0,0.0-32.09,1.0,32.08-44.84,2.0,46.67-51.37,2.0,5.27-7.3,2.0,36.0-51.87,1.0,2.6-4.62,1.0,21.04-35.8,2.0,64.2-78.96,2.0,24.5-39.14
191,264,1438,10005050200,18.36,15,173,269,0,4051,457,11.28,0.3469,64556.0,68750.0,51250.0,1233,30.44,327,136,41.59,1826,45.08,180,4.44,2245,44.58,87,1947,4.47,143,79,55,40,119,198,60.1,39.9,992,24.49,3.0,15.79-47.28,3.0,7.69-30.05,0.0,0.28-0.37,0.0,0.0-32.09,1.0,32.08-44.84,1.0,42.22-46.67,1.0,3.02-5.27,2.0,36.0-51.87,1.0,2.6-4.62,3.0,52.22-100.0,0.0,0.0-47.78,1.0,11.33-24.5
192,273,2014,10005050302,13.56,46,391,341,0,5470,778,14.22,0.4034,76333.0,58988.0,50156.0,1522,27.82,256,82,32.03,2448,44.75,491,8.98,3406,37.73,122,2685,4.54,262,172,218,98,270,480,56.25,43.75,1266,23.14,2.0,8.52-15.79,3.0,7.69-30.05,1.0,0.37-0.41,0.0,0.0-32.09,0.0,0.0-32.08,1.0,42.22-46.67,3.0,7.3-25.24,2.0,36.0-51.87,1.0,2.6-4.62,3.0,52.22-100.0,0.0,0.0-47.78,1.0,11.33-24.5
193,193,1392,10005050303,13.86,30,80,308,0,3099,418,13.49,0.4292,53545.0,84254.0,48603.0,1068,34.46,633,314,49.61,1689,54.5,459,14.81,2317,25.23,79,1778,4.44,130,71,150,53,124,280,44.29,55.71,469,15.13,2.0,8.52-15.79,3.0,7.69-30.05,2.0,0.41-0.45,1.0,32.09-35.78,2.0,44.84-56.92,3.0,51.37-100.0,3.0,7.3-25.24,1.0,18.46-36.0,1.0,2.6-4.62,2.0,35.8-52.22,1.0,47.78-64.2,1.0,11.33-24.5
194,410,1816,10005050304,22.58,10,132,222,0,4513,364,8.07,0.443,53650.0,57270.0,62350.0,1582,35.05,483,163,33.75,1619,35.87,363,8.04,2725,39.62,66,1734,3.81,127,23,80,22,45,207,21.74,78.26,1272,28.19,3.0,15.79-47.28,3.0,7.69-30.05,2.0,0.41-0.45,1.0,32.09-35.78,1.0,32.08-44.84,0.0,16.51-42.22,3.0,7.3-25.24,2.0,36.0-51.87,1.0,2.6-4.62,1.0,21.04-35.8,2.0,64.2-78.96,2.0,24.5-39.14
195,243,1431,10005050401,16.98,0,33,257,0,3656,290,7.93,0.4452,93750.0,63750.0,75278.0,1349,36.9,359,198,55.15,1745,47.73,335,9.16,2956,19.15,161,1916,8.4,186,64,111,29,93,297,31.31,68.69,407,11.13,3.0,15.79-47.28,3.0,7.69-30.05,2.0,0.41-0.45,2.0,35.78-40.2,2.0,44.84-56.92,2.0,46.67-51.37,3.0,7.3-25.24,1.0,18.46-36.0,3.0,7.35-25.68,1.0,21.04-35.8,2.0,64.2-78.96,0.0,0.78-11.33
196,140,1228,10005050403,11.4,16,79,78,3,3275,176,5.37,0.3808,67000.0,76518.0,49375.0,1084,33.1,151,36,23.84,1587,48.46,181,5.53,2049,37.44,73,1685,4.33,98,25,168,42,67,266,25.19,74.81,796,24.31,2.0,8.52-15.79,2.0,4.75-7.69,1.0,0.37-0.41,1.0,32.09-35.78,0.0,0.0-32.08,2.0,46.67-51.37,2.0,5.27-7.3,2.0,36.0-51.87,1.0,2.6-4.62,1.0,21.04-35.8,2.0,64.2-78.96,1.0,11.33-24.5
197,161,2147,10005050405,7.5,25,158,304,0,4917,487,9.9,0.3768,68819.0,69083.0,60746.0,1868,37.99,493,263,53.35,2334,47.47,400,8.14,3290,33.09,354,2729,12.97,214,39,275,221,260,489,53.17,46.83,1168,23.75,1.0,4.29-8.52,3.0,7.69-30.05,1.0,0.37-0.41,2.0,35.78-40.2,2.0,44.84-56.92,2.0,46.67-51.37,3.0,7.3-25.24,1.0,18.46-36.0,3.0,7.35-25.68,3.0,52.22-100.0,0.0,0.0-47.78,1.0,11.33-24.5
198,600,1932,10005050406,31.06,16,110,152,0,4987,278,5.57,0.4571,92031.0,47875.0,39938.0,1608,32.24,1049,572,54.53,2064,41.39,309,6.2,2219,55.5,81,2194,3.69,186,57,200,117,174,386,45.08,54.92,2141,42.93,3.0,15.79-47.28,2.0,4.75-7.69,3.0,0.45-0.59,1.0,32.09-35.78,2.0,44.84-56.92,0.0,16.51-42.22,2.0,5.27-7.3,3.0,51.87-97.75,1.0,2.6-4.62,2.0,35.8-52.22,1.0,47.78-64.2,3.0,39.14-94.26
199,298,2049,10005050407,14.54,0,238,112,0,5916,350,5.92,0.4899,32617.0,108354.0,51944.0,1842,31.14,416,266,63.94,2487,42.04,332,5.61,3022,48.92,366,2964,12.35,383,228,392,301,529,775,68.26,31.74,1685,28.48,2.0,8.52-15.79,2.0,4.75-7.69,3.0,0.45-0.59,0.0,0.0-32.09,3.0,56.92-100.0,0.0,16.51-42.22,2.0,5.27-7.3,2.0,36.0-51.87,3.0,7.35-25.68,3.0,52.22-100.0,0.0,0.0-47.78,2.0,24.5-39.14
200,251,1590,10005050408,15.79,25,29,276,0,4388,330,7.52,0.4164,,95600.0,41875.0,1376,31.36,272,115,42.28,1884,42.94,310,7.06,2343,46.6,59,2032,2.9,229,123,116,37,160,345,46.38,53.62,1131,25.77,2.0,8.52-15.79,2.0,4.75-7.69,2.0,0.41-0.45,0.0,0.0-32.09,1.0,32.08-44.84,1.0,42.22-46.67,2.0,5.27-7.3,2.0,36.0-51.87,1.0,2.6-4.62,2.0,35.8-52.22,1.0,47.78-64.2,2.0,24.5-39.14
201,269,1520,10005050501,17.7,20,61,144,0,4447,225,5.06,0.3465,91346.0,88598.0,57833.0,1223,27.5,438,186,42.47,2056,46.23,189,4.25,3099,30.31,49,2119,2.31,252,123,224,34,157,476,32.98,67.02,498,11.2,3.0,15.79-47.28,2.0,4.75-7.69,0.0,0.28-0.37,0.0,0.0-32.09,1.0,32.08-44.84,1.0,42.22-46.67,1.0,3.02-5.27,1.0,18.46-36.0,0.0,0.0-2.6,1.0,21.04-35.8,2.0,64.2-78.96,0.0,0.78-11.33
202,541,1813,10005050503,29.84,422,748,636,28,6104,1834,30.05,0.4026,46780.0,39298.0,29327.0,1221,20.0,1096,833,76.0,2528,41.42,613,10.04,1129,81.5,33,2564,1.29,414,187,236,51,238,650,36.62,63.38,1697,27.8,3.0,15.79-47.28,3.0,7.69-30.05,1.0,0.37-0.41,0.0,0.0-32.09,3.0,56.92-100.0,0.0,16.51-42.22,3.0,7.3-25.24,3.0,51.87-97.75,0.0,0.0-2.6,2.0,35.8-52.22,1.0,47.78-64.2,2.0,24.5-39.14
203,12,580,10005050505,2.07,55,65,79,9,2608,208,7.98,0.3885,94167.0,76488.0,59063.0,515,19.75,65,0,0.0,729,27.95,37,1.42,1455,44.21,0,745,0.0,256,150,63,20,170,319,53.29,46.71,723,27.72,0.0,0.0-4.29,3.0,7.69-30.05,1.0,0.37-0.41,0.0,0.0-32.09,0.0,0.0-32.08,0.0,16.51-42.22,0.0,0.0-3.02,2.0,36.0-51.87,0.0,0.0-2.6,3.0,52.22-100.0,0.0,0.0-47.78,2.0,24.5-39.14
204,74,1259,10005050506,5.88,94,79,276,0,3331,449,13.48,0.3996,83355.0,69773.0,58056.0,1156,34.7,232,102,43.97,1545,46.38,159,4.77,2150,35.45,65,1610,4.04,113,47,152,65,112,265,42.26,57.74,431,12.94,1.0,4.29-8.52,3.0,7.69-30.05,1.0,0.37-0.41,1.0,32.09-35.78,1.0,32.08-44.84,1.0,42.22-46.67,1.0,3.02-5.27,1.0,18.46-36.0,1.0,2.6-4.62,2.0,35.8-52.22,1.0,47.78-64.2,1.0,11.33-24.5
205,194,2032,10005050601,9.55,57,311,98,0,5359,466,8.7,0.425,100152.0,105134.0,53600.0,1627,30.36,192,51,26.56,2608,48.67,239,4.46,3845,28.25,106,2783,3.81,347,157,173,44,201,520,38.65,61.35,678,12.65,2.0,8.52-15.79,3.0,7.69-30.05,2.0,0.41-0.45,0.0,0.0-32.09,0.0,0.0-32.08,2.0,46.67-51.37,1.0,3.02-5.27,1.0,18.46-36.0,1.0,2.6-4.62,2.0,35.8-52.22,1.0,47.78-64.2,1.0,11.33-24.5
206,58,1242,10005050603,4.67,0,36,62,0,3124,98,3.14,0.343,68286.0,100536.0,63750.0,1085,34.73,387,229,59.17,1397,44.72,39,1.25,2048,34.44,21,1412,1.49,100,74,107,70,144,207,69.57,30.43,718,22.98,1.0,4.29-8.52,1.0,2.58-4.75,0.0,0.28-0.37,1.0,32.09-35.78,3.0,56.92-100.0,1.0,42.22-46.67,0.0,0.0-3.02,1.0,18.46-36.0,0.0,0.0-2.6,3.0,52.22-100.0,0.0,0.0-47.78,1.0,11.33-24.5
207,144,1937,10005050604,7.43,0,1,384,0,4657,385,8.27,0.3898,58446.0,78333.0,61481.0,1666,35.77,654,242,37.0,2359,50.65,271,5.82,2999,35.6,114,2481,4.59,38,0,187,12,12,225,5.33,94.67,1069,22.95,1.0,4.29-8.52,3.0,7.69-30.05,1.0,0.37-0.41,1.0,32.09-35.78,1.0,32.08-44.84,2.0,46.67-51.37,2.0,5.27-7.3,1.0,18.46-36.0,1.0,2.6-4.62,0.0,0.0-21.04,3.0,78.96-100.0,1.0,11.33-24.5
208,180,1858,10005050701,9.69,99,84,230,0,4549,413,9.08,0.4677,110417.0,72829.0,65833.0,1605,35.28,354,210,59.32,1837,40.38,360,7.91,3243,28.71,111,1996,5.56,145,62,164,3,65,309,21.04,78.96,807,17.74,2.0,8.52-15.79,3.0,7.69-30.05,3.0,0.45-0.59,1.0,32.09-35.78,3.0,56.92-100.0,0.0,16.51-42.22,3.0,7.3-25.24,1.0,18.46-36.0,2.0,4.62-7.35,0.0,0.0-21.04,2.0,64.2-78.96,1.0,11.33-24.5
209,103,844,10005050703,12.2,25,33,64,0,1889,122,6.46,0.4111,46094.0,75875.0,52679.0,715,37.85,159,79,49.69,778,41.19,185,9.79,1170,38.06,62,843,7.35,77,53,26,2,55,103,53.4,46.6,451,23.88,2.0,8.52-15.79,2.0,4.75-7.69,2.0,0.41-0.45,2.0,35.78-40.2,2.0,44.84-56.92,0.0,16.51-42.22,3.0,7.3-25.24,2.0,36.0-51.87,2.0,4.62-7.35,3.0,52.22-100.0,0.0,0.0-47.78,1.0,11.33-24.5
210,44,1005,10005050706,4.38,9,6,30,0,1742,45,2.58,0.3595,97574.0,54730.0,97917.0,964,55.34,74,52,70.27,908,52.12,139,7.98,1405,19.35,18,938,1.92,34,34,20,0,34,54,62.96,37.04,62,3.56,1.0,4.29-8.52,0.0,0.0-2.58,0.0,0.28-0.37,3.0,40.2-59.88,3.0,56.92-100.0,3.0,51.37-100.0,3.0,7.3-25.24,1.0,18.46-36.0,0.0,0.0-2.6,3.0,52.22-100.0,0.0,0.0-47.78,0.0,0.78-11.33
211,116,1384,10005050707,8.38,52,24,184,0,2725,260,9.54,0.4527,97869.0,74514.0,58672.0,1293,47.45,196,75,38.27,1263,46.35,228,8.37,2537,6.9,104,1367,7.61,0,0,10,0,0,10,0.0,100.0,98,3.6,1.0,4.29-8.52,3.0,7.69-30.05,3.0,0.45-0.59,3.0,40.2-59.88,1.0,32.08-44.84,1.0,42.22-46.67,3.0,7.3-25.24,0.0,1.59-18.46,3.0,7.35-25.68,0.0,0.0-21.04,3.0,78.96-100.0,0.0,0.78-11.33
212,106,1677,10005050708,6.32,23,116,94,0,3470,233,6.71,0.4196,45972.0,70824.0,89688.0,1536,44.27,133,92,69.17,1146,33.03,120,3.46,2858,17.64,148,1294,11.44,31,0,97,49,49,128,38.28,61.72,393,11.33,1.0,4.29-8.52,2.0,4.75-7.69,2.0,0.41-0.45,3.0,40.2-59.88,3.0,56.92-100.0,0.0,16.51-42.22,1.0,3.02-5.27,0.0,1.59-18.46,3.0,7.35-25.68,2.0,35.8-52.22,1.0,47.78-64.2,0.0,0.78-11.33
213,17,836,10005050709,2.03,0,18,0,0,1524,18,1.18,0.4382,87174.0,234018.0,73472.0,762,50.0,17,0,0.0,683,44.82,77,5.05,1487,2.43,23,706,3.26,38,26,18,0,26,56,46.43,53.57,32,2.1,0.0,0.0-4.29,0.0,0.0-2.58,2.0,0.41-0.45,3.0,40.2-59.88,0.0,0.0-32.08,1.0,42.22-46.67,1.0,3.02-5.27,0.0,1.59-18.46,1.0,2.6-4.62,2.0,35.8-52.22,1.0,47.78-64.2,0.0,0.78-11.33
214,177,837,10005050710,21.15,0,136,88,0,2269,224,9.87,0.3926,36687.0,55708.0,101316.0,702,30.94,267,135,50.56,810,35.7,190,8.37,1627,28.29,176,979,17.98,19,9,444,308,317,463,68.47,31.53,160,7.05,3.0,15.79-47.28,3.0,7.69-30.05,1.0,0.37-0.41,0.0,0.0-32.09,2.0,44.84-56.92,0.0,16.51-42.22,3.0,7.3-25.24,1.0,18.46-36.0,3.0,7.35-25.68,3.0,52.22-100.0,0.0,0.0-47.78,0.0,0.78-11.33
215,91,623,10005050711,14.61,0,13,46,0,1097,59,5.38,0.3862,63081.0,41951.0,38625.0,540,49.23,68,16,23.53,467,42.57,67,6.11,956,12.85,15,487,3.08,66,0,33,13,13,99,13.13,86.87,43,3.92,2.0,8.52-15.79,2.0,4.75-7.69,1.0,0.37-0.41,3.0,40.2-59.88,0.0,0.0-32.08,1.0,42.22-46.67,2.0,5.27-7.3,0.0,1.59-18.46,1.0,2.6-4.62,0.0,0.0-21.04,3.0,78.96-100.0,0.0,0.78-11.33
216,208,1626,10005050801,12.79,25,20,51,0,4022,96,2.39,0.4743,,91446.0,61750.0,1407,34.98,377,238,63.13,1619,40.25,252,6.27,3120,22.43,84,1718,4.89,125,67,68,15,82,193,42.49,57.51,704,17.5,2.0,8.52-15.79,0.0,0.0-2.58,3.0,0.45-0.59,1.0,32.09-35.78,3.0,56.92-100.0,0.0,16.51-42.22,2.0,5.27-7.3,1.0,18.46-36.0,2.0,4.62-7.35,2.0,35.8-52.22,1.0,47.78-64.2,1.0,11.33-24.5
217,117,1430,10005050804,8.18,0,20,120,0,4125,140,3.39,0.374,93911.0,106157.0,98750.0,1376,33.36,151,80,52.98,1767,42.84,97,2.35,3157,23.47,101,1885,5.36,122,32,77,15,47,199,23.62,76.38,454,11.01,1.0,4.29-8.52,1.0,2.58-4.75,1.0,0.37-0.41,1.0,32.09-35.78,2.0,44.84-56.92,1.0,42.22-46.67,0.0,0.0-3.02,1.0,18.46-36.0,2.0,4.62-7.35,1.0,21.04-35.8,2.0,64.2-78.96,0.0,0.78-11.33
218,40,1277,10005050805,3.13,11,57,12,0,3595,80,2.23,0.4011,123483.0,111029.0,58750.0,1183,32.91,210,34,16.19,1547,43.03,76,2.11,3247,9.68,36,1568,2.3,181,30,39,0,30,220,13.64,86.36,160,4.45,0.0,0.0-4.29,0.0,0.0-2.58,1.0,0.37-0.41,1.0,32.09-35.78,0.0,0.0-32.08,1.0,42.22-46.67,0.0,0.0-3.02,0.0,1.59-18.46,0.0,0.0-2.6,0.0,0.0-21.04,3.0,78.96-100.0,0.0,0.78-11.33
219,132,2065,10005050806,6.39,19,179,159,0,4849,357,7.36,0.4125,,91103.0,71250.0,1849,38.13,126,98,77.78,1916,39.51,342,7.05,4333,10.64,197,2130,9.25,45,37,61,17,54,106,50.94,49.06,406,8.37,1.0,4.29-8.52,2.0,4.75-7.69,2.0,0.41-0.45,2.0,35.78-40.2,3.0,56.92-100.0,0.0,16.51-42.22,2.0,5.27-7.3,0.0,1.59-18.46,3.0,7.35-25.68,2.0,35.8-52.22,1.0,47.78-64.2,0.0,0.78-11.33
220,72,762,10005050807,9.45,0,13,124,36,1734,173,9.98,0.4603,47591.0,39038.0,74464.0,717,41.35,9,0,0.0,574,33.1,68,3.92,1193,31.2,0,582,0.0,14,0,0,0,0,14,0.0,100.0,526,30.33,2.0,8.52-15.79,3.0,7.69-30.05,3.0,0.45-0.59,3.0,40.2-59.88,0.0,0.0-32.08,0.0,16.51-42.22,1.0,3.02-5.27,1.0,18.46-36.0,0.0,0.0-2.6,0.0,0.0-21.04,3.0,78.96-100.0,2.0,24.5-39.14
221,260,1993,10005050808,13.05,0,43,20,0,3913,63,1.61,0.4541,76806.0,79429.0,76548.0,1839,47.0,294,168,57.14,1636,41.81,313,8.0,3514,10.2,15,1667,0.9,84,0,27,27,27,111,24.32,75.68,85,2.17,2.0,8.52-15.79,0.0,0.0-2.58,3.0,0.45-0.59,3.0,40.2-59.88,3.0,56.92-100.0,0.0,16.51-42.22,3.0,7.3-25.24,0.0,1.59-18.46,0.0,0.0-2.6,1.0,21.04-35.8,2.0,64.2-78.96,0.0,0.78-11.33
222,39,903,10005050903,4.32,0,0,8,0,1856,8,0.43,0.4332,,135500.0,84167.0,789,42.51,123,64,52.03,651,35.08,78,4.2,1725,7.06,0,680,0.0,46,0,16,0,0,62,0.0,100.0,68,3.66,1.0,4.29-8.52,0.0,0.0-2.58,2.0,0.41-0.45,3.0,40.2-59.88,2.0,44.84-56.92,0.0,16.51-42.22,1.0,3.02-5.27,0.0,1.59-18.46,0.0,0.0-2.6,0.0,0.0-21.04,3.0,78.96-100.0,0.0,0.78-11.33
223,205,1213,10005050904,16.9,0,20,60,0,2296,80,3.48,0.507,120987.0,,62379.0,892,38.85,545,376,68.99,800,34.84,245,10.67,2104,8.36,29,843,3.44,42,0,16,16,16,58,27.59,72.41,122,5.31,3.0,15.79-47.28,1.0,2.58-4.75,3.0,0.45-0.59,2.0,35.78-40.2,3.0,56.92-100.0,0.0,16.51-42.22,3.0,7.3-25.24,0.0,1.59-18.46,1.0,2.6-4.62,1.0,21.04-35.8,2.0,64.2-78.96,0.0,0.78-11.33
224,131,1719,10005050905,7.62,0,36,45,0,3783,81,2.14,0.4655,83421.0,124457.0,75551.0,1608,42.51,341,184,53.96,1484,39.23,177,4.68,3705,2.06,290,1797,16.14,348,235,72,36,271,420,64.52,35.48,78,2.06,1.0,4.29-8.52,0.0,0.0-2.58,3.0,0.45-0.59,3.0,40.2-59.88,2.0,44.84-56.92,0.0,16.51-42.22,1.0,3.02-5.27,0.0,1.59-18.46,3.0,7.35-25.68,3.0,52.22-100.0,0.0,0.0-47.78,0.0,0.78-11.33
225,62,1987,10005051008,3.12,25,53,88,0,4288,166,3.87,0.4417,162125.0,100987.0,108162.0,1767,41.21,239,112,46.86,1711,39.9,227,5.29,3528,17.72,71,1764,4.02,92,19,0,0,19,92,20.65,79.35,689,16.07,0.0,0.0-4.29,1.0,2.58-4.75,2.0,0.41-0.45,3.0,40.2-59.88,2.0,44.84-56.92,0.0,16.51-42.22,2.0,5.27-7.3,0.0,1.59-18.46,1.0,2.6-4.62,0.0,0.0-21.04,3.0,78.96-100.0,1.0,11.33-24.5
226,32,1197,10005051009,2.67,0,58,81,0,2477,139,5.61,0.4173,,202500.0,114827.0,1132,45.7,114,51,44.74,996,40.21,55,2.22,2289,7.59,79,1075,7.35,48,13,61,1,14,109,12.84,87.16,160,6.46,0.0,0.0-4.29,2.0,4.75-7.69,2.0,0.41-0.45,3.0,40.2-59.88,1.0,32.08-44.84,0.0,16.51-42.22,0.0,0.0-3.02,0.0,1.59-18.46,2.0,4.62-7.35,0.0,0.0-21.04,3.0,78.96-100.0,0.0,0.78-11.33
227,94,1497,10005051010,6.28,0,13,20,4,3033,37,1.22,0.4328,85625.0,106771.0,59839.0,1407,46.39,286,137,47.9,1110,36.6,163,5.37,2800,7.68,27,1141,2.37,1,1,7,0,1,8,12.5,87.5,99,3.26,1.0,4.29-8.52,0.0,0.0-2.58,2.0,0.41-0.45,3.0,40.2-59.88,2.0,44.84-56.92,0.0,16.51-42.22,2.0,5.27-7.3,0.0,1.59-18.46,0.0,0.0-2.6,0.0,0.0-21.04,3.0,78.96-100.0,0.0,0.78-11.33
228,183,1853,10005051011,9.88,0,49,101,0,3691,150,4.06,0.4682,135417.0,115245.0,79167.0,1816,49.2,325,144,44.31,1569,42.51,215,5.82,2860,22.51,51,1641,3.11,66,45,48,4,49,114,42.98,57.02,530,14.36,2.0,8.52-15.79,1.0,2.58-4.75,3.0,0.45-0.59,3.0,40.2-59.88,1.0,32.08-44.84,1.0,42.22-46.67,2.0,5.27-7.3,1.0,18.46-36.0,1.0,2.6-4.62,2.0,35.8-52.22,1.0,47.78-64.2,1.0,11.33-24.5
229,143,1127,10005051012,12.69,15,33,48,0,2322,96,4.13,0.3735,28611.0,85441.0,92232.0,1082,46.6,143,52,36.36,828,35.66,70,3.01,2116,8.87,54,882,6.12,133,80,60,0,80,193,41.45,58.55,68,2.93,2.0,8.52-15.79,1.0,2.58-4.75,1.0,0.37-0.41,3.0,40.2-59.88,1.0,32.08-44.84,0.0,16.51-42.22,0.0,0.0-3.02,0.0,1.59-18.46,2.0,4.62-7.35,2.0,35.8-52.22,1.0,47.78-64.2,0.0,0.78-11.33
230,79,1705,10005051013,4.63,0,87,24,5,4117,116,2.82,0.3936,138750.0,96944.0,73438.0,1617,39.28,44,26,59.09,1779,43.21,109,2.65,3461,15.93,191,1973,9.68,90,35,120,11,46,210,21.9,78.1,462,11.22,1.0,4.29-8.52,1.0,2.58-4.75,1.0,0.37-0.41,2.0,35.78-40.2,3.0,56.92-100.0,1.0,42.22-46.67,0.0,0.0-3.02,0.0,1.59-18.46,3.0,7.35-25.68,1.0,21.04-35.8,2.0,64.2-78.96,0.0,0.78-11.33
231,59,1019,10005051014,5.79,0,40,44,11,2010,95,4.73,0.4316,,,90625.0,968,48.16,18,6,33.33,695,34.58,72,3.58,1868,7.06,0,712,0.0,76,13,62,17,30,138,21.74,78.26,70,3.48,1.0,4.29-8.52,1.0,2.58-4.75,2.0,0.41-0.45,3.0,40.2-59.88,1.0,32.08-44.84,0.0,16.51-42.22,1.0,3.02-5.27,0.0,1.59-18.46,0.0,0.0-2.6,1.0,21.04-35.8,2.0,64.2-78.96,0.0,0.78-11.33
232,50,905,10005051015,5.52,0,43,18,0,1956,61,3.12,0.4426,123208.0,,67065.0,871,44.53,104,34,32.69,870,44.48,39,1.99,1684,13.91,0,888,0.0,8,0,15,0,0,23,0.0,100.0,113,5.78,1.0,4.29-8.52,1.0,2.58-4.75,2.0,0.41-0.45,3.0,40.2-59.88,1.0,32.08-44.84,1.0,42.22-46.67,0.0,0.0-3.02,0.0,1.59-18.46,0.0,0.0-2.6,0.0,0.0-21.04,3.0,78.96-100.0,0.0,0.78-11.33
233,85,1071,10005051016,7.94,0,0,70,0,2170,70,3.23,0.5345,151686.0,108250.0,,1057,48.71,185,169,91.35,1036,47.74,64,2.95,2049,5.58,132,1173,11.25,53,0,24,0,0,77,0.0,100.0,20,0.92,1.0,4.29-8.52,1.0,2.58-4.75,3.0,0.45-0.59,3.0,40.2-59.88,3.0,56.92-100.0,2.0,46.67-51.37,0.0,0.0-3.02,0.0,1.59-18.46,3.0,7.35-25.68,0.0,0.0-21.04,3.0,78.96-100.0,0.0,0.78-11.33
234,77,1734,10005051017,4.44,0,0,55,0,3617,55,1.52,0.4539,120938.0,101719.0,118221.0,1726,47.72,50,36,72.0,1654,45.73,115,3.18,3349,7.41,30,1684,1.78,0,0,133,0,0,133,0.0,100.0,109,3.01,1.0,4.29-8.52,0.0,0.0-2.58,3.0,0.45-0.59,3.0,40.2-59.88,3.0,56.92-100.0,1.0,42.22-46.67,1.0,3.02-5.27,0.0,1.59-18.46,0.0,0.0-2.6,0.0,0.0-21.04,3.0,78.96-100.0,0.0,0.78-11.33
235,6,554,10005051101,1.08,2,5,6,0,971,13,1.34,0.5122,108125.0,219688.0,150862.0,532,54.79,64,32,50.0,433,44.59,34,3.5,923,4.94,25,461,5.42,8,6,7,1,7,15,46.67,53.33,18,1.85,0.0,0.0-4.29,0.0,0.0-2.58,3.0,0.45-0.59,3.0,40.2-59.88,2.0,44.84-56.92,1.0,42.22-46.67,1.0,3.02-5.27,0.0,1.59-18.46,2.0,4.62-7.35,2.0,35.8-52.22,1.0,47.78-64.2,0.0,0.78-11.33
236,117,628,10005051102,18.63,0,15,14,0,1040,29,2.79,0.5338,59750.0,153750.0,97188.0,590,56.73,65,15,23.08,397,38.17,39,3.75,815,21.63,26,432,6.02,7,0,6,0,0,13,0.0,100.0,87,8.37,3.0,15.79-47.28,1.0,2.58-4.75,3.0,0.45-0.59,3.0,40.2-59.88,0.0,0.0-32.08,0.0,16.51-42.22,1.0,3.02-5.27,1.0,18.46-36.0,2.0,4.62-7.35,0.0,0.0-21.04,3.0,78.96-100.0,0.0,0.78-11.33
237,9,581,10005051103,1.55,0,3,0,0,1153,3,0.26,0.486,,94013.0,108519.0,536,46.49,109,49,44.95,546,47.35,40,3.47,1124,2.52,14,564,2.48,61,14,48,5,19,109,17.43,82.57,9,0.78,0.0,0.0-4.29,0.0,0.0-2.58,3.0,0.45-0.59,3.0,40.2-59.88,2.0,44.84-56.92,2.0,46.67-51.37,1.0,3.02-5.27,0.0,1.59-18.46,0.0,0.0-2.6,0.0,0.0-21.04,3.0,78.96-100.0,0.0,0.78-11.33
238,13,692,10005051201,1.88,0,17,29,0,1329,46,3.46,0.5174,,124250.0,85652.0,620,46.65,58,27,46.55,473,35.59,89,6.7,1189,10.53,28,504,5.56,18,0,10,0,0,28,0.0,100.0,80,6.02,0.0,0.0-4.29,1.0,2.58-4.75,3.0,0.45-0.59,3.0,40.2-59.88,2.0,44.84-56.92,0.0,16.51-42.22,2.0,5.27-7.3,0.0,1.59-18.46,2.0,4.62-7.35,0.0,0.0-21.04,3.0,78.96-100.0,0.0,0.78-11.33
239,0,515,10005051202,0.0,8,0,6,0,991,14,1.41,0.4539,,177188.0,130357.0,476,48.03,14,0,0.0,276,27.85,23,2.32,877,11.5,0,280,0.0,25,20,0,0,20,25,80.0,20.0,93,9.38,0.0,0.0-4.29,0.0,0.0-2.58,3.0,0.45-0.59,3.0,40.2-59.88,0.0,0.0-32.08,0.0,16.51-42.22,0.0,0.0-3.02,0.0,1.59-18.46,0.0,0.0-2.6,3.0,52.22-100.0,0.0,0.0-47.78,0.0,0.78-11.33
240,10,386,10005051203,2.59,0,18,1,0,848,19,2.24,0.4702,,181250.0,91136.0,361,42.57,11,7,63.64,358,42.22,21,2.48,756,10.85,9,372,2.42,38,4,63,23,27,101,26.73,73.27,60,7.08,0.0,0.0-4.29,0.0,0.0-2.58,3.0,0.45-0.59,3.0,40.2-59.88,3.0,56.92-100.0,0.0,16.51-42.22,0.0,0.0-3.02,0.0,1.59-18.46,0.0,0.0-2.6,1.0,21.04-35.8,2.0,64.2-78.96,0.0,0.78-11.33
241,1,376,10005051204,0.27,0,0,17,0,633,17,2.69,0.457,,134250.0,106701.0,364,57.5,2,0,0.0,184,29.07,21,3.32,550,13.11,6,196,3.06,7,0,5,0,0,12,0.0,100.0,7,1.11,0.0,0.0-4.29,1.0,2.58-4.75,3.0,0.45-0.59,3.0,40.2-59.88,0.0,0.0-32.08,0.0,16.51-42.22,1.0,3.02-5.27,0.0,1.59-18.46,1.0,2.6-4.62,0.0,0.0-21.04,3.0,78.96-100.0,0.0,0.78-11.33
242,0,334,10005051205,0.0,0,0,8,0,666,8,1.2,0.5315,,238750.0,93500.0,317,47.6,25,0,0.0,175,26.28,41,6.16,545,18.17,2,179,1.12,0,0,3,1,1,3,33.33,66.67,26,3.9,0.0,0.0-4.29,0.0,0.0-2.58,3.0,0.45-0.59,3.0,40.2-59.88,0.0,0.0-32.08,0.0,16.51-42.22,2.0,5.27-7.3,0.0,1.59-18.46,0.0,0.0-2.6,1.0,21.04-35.8,2.0,64.2-78.96,0.0,0.78-11.33
243,66,2501,10005051302,2.64,33,26,68,0,5203,127,2.44,0.4802,108654.0,108500.0,76222.0,2432,46.74,188,27,14.36,2038,39.17,193,3.71,4670,10.24,176,2249,7.83,20,20,50,37,57,70,81.43,18.57,399,7.67,0.0,0.0-4.29,0.0,0.0-2.58,3.0,0.45-0.59,3.0,40.2-59.88,0.0,0.0-32.08,0.0,16.51-42.22,1.0,3.02-5.27,0.0,1.59-18.46,3.0,7.35-25.68,3.0,52.22-100.0,0.0,0.0-47.78,0.0,0.78-11.33
244,141,1262,10005051307,11.17,0,0,2,0,2957,2,0.07,0.4176,,107917.0,88110.0,1122,37.94,106,95,89.62,729,24.65,123,4.16,2910,1.59,2,737,0.27,0,0,12,0,0,12,0.0,100.0,32,1.08,2.0,8.52-15.79,0.0,0.0-2.58,2.0,0.41-0.45,2.0,35.78-40.2,3.0,56.92-100.0,0.0,16.51-42.22,1.0,3.02-5.27,0.0,1.59-18.46,0.0,0.0-2.6,0.0,0.0-21.04,3.0,78.96-100.0,0.0,0.78-11.33
245,118,1596,10005051308,7.39,82,103,308,7,3680,500,13.59,0.447,58681.0,92250.0,87946.0,1535,41.71,100,58,58.0,1702,46.25,204,5.54,3518,4.4,61,1763,3.46,78,19,112,42,61,190,32.11,67.89,78,2.12,1.0,4.29-8.52,3.0,7.69-30.05,2.0,0.41-0.45,3.0,40.2-59.88,3.0,56.92-100.0,1.0,42.22-46.67,2.0,5.27-7.3,0.0,1.59-18.46,1.0,2.6-4.62,1.0,21.04-35.8,2.0,64.2-78.96,0.0,0.78-11.33
246,36,814,10005051309,4.42,0,0,19,0,1357,19,1.4,0.4566,,,52125.0,749,55.2,70,53,75.71,485,35.74,107,7.89,1259,7.22,45,530,8.49,14,14,0,0,14,14,100.0,0.0,73,5.38,1.0,4.29-8.52,0.0,0.0-2.58,3.0,0.45-0.59,3.0,40.2-59.88,3.0,56.92-100.0,0.0,16.51-42.22,3.0,7.3-25.24,0.0,1.59-18.46,3.0,7.35-25.68,3.0,52.22-100.0,0.0,0.0-47.78,0.0,0.78-11.33
247,46,980,10005051310,4.69,8,0,0,0,2039,8,0.39,0.5142,140000.0,103065.0,109615.0,939,46.05,35,21,60.0,696,34.13,69,3.38,1779,12.75,20,737,2.71,9,0,7,0,0,16,0.0,100.0,235,11.53,1.0,4.29-8.52,0.0,0.0-2.58,3.0,0.45-0.59,3.0,40.2-59.88,3.0,56.92-100.0,0.0,16.51-42.22,1.0,3.02-5.27,0.0,1.59-18.46,1.0,2.6-4.62,0.0,0.0-21.04,3.0,78.96-100.0,1.0,11.33-24.5
248,47,911,10005051311,5.16,0,0,29,8,1717,37,2.15,0.4408,111205.0,118810.0,95000.0,814,47.41,99,26,26.26,742,43.21,44,2.56,1677,2.33,69,811,8.51,167,77,43,43,120,210,57.14,42.86,30,1.75,1.0,4.29-8.52,0.0,0.0-2.58,2.0,0.41-0.45,3.0,40.2-59.88,0.0,0.0-32.08,1.0,42.22-46.67,0.0,0.0-3.02,0.0,1.59-18.46,3.0,7.35-25.68,3.0,52.22-100.0,0.0,0.0-47.78,0.0,0.78-11.33
249,10,1050,10005051312,0.95,0,6,50,0,2047,56,2.74,0.4283,45862.0,150500.0,76166.0,895,43.72,98,27,27.55,877,42.84,132,6.45,1966,3.96,45,918,4.9,70,69,43,13,82,113,72.57,27.43,60,2.93,0.0,0.0-4.29,1.0,2.58-4.75,2.0,0.41-0.45,3.0,40.2-59.88,0.0,0.0-32.08,1.0,42.22-46.67,2.0,5.27-7.3,0.0,1.59-18.46,2.0,4.62-7.35,3.0,52.22-100.0,0.0,0.0-47.78,0.0,0.78-11.33
250,6,1306,10005051313,0.46,6,64,71,0,2718,141,5.19,0.4187,92917.0,113750.0,61316.0,1204,44.3,109,38,34.86,968,35.61,119,4.38,2488,8.46,9,1013,0.89,57,0,37,9,9,94,9.57,90.43,185,6.81,0.0,0.0-4.29,2.0,4.75-7.69,2.0,0.41-0.45,3.0,40.2-59.88,1.0,32.08-44.84,0.0,16.51-42.22,1.0,3.02-5.27,0.0,1.59-18.46,0.0,0.0-2.6,0.0,0.0-21.04,3.0,78.96-100.0,0.0,0.78-11.33
251,8,1327,10005051314,0.6,9,40,29,0,2679,78,2.91,0.4275,100250.0,101442.0,63750.0,1212,45.24,82,28,34.15,894,33.37,236,8.81,2532,5.49,14,920,1.52,18,0,64,0,0,82,0.0,100.0,131,4.89,0.0,0.0-4.29,1.0,2.58-4.75,2.0,0.41-0.45,3.0,40.2-59.88,1.0,32.08-44.84,0.0,16.51-42.22,3.0,7.3-25.24,0.0,1.59-18.46,0.0,0.0-2.6,0.0,0.0-21.04,3.0,78.96-100.0,0.0,0.78-11.33
252,49,1224,10005051400,4.0,64,25,335,0,3500,424,12.11,0.3896,95774.0,107781.0,64028.0,1058,30.23,249,79,31.73,1660,47.43,92,2.63,2578,26.34,103,1797,5.73,154,62,60,0,62,214,28.97,71.03,697,19.91,0.0,0.0-4.29,3.0,7.69-30.05,1.0,0.37-0.41,0.0,0.0-32.09,0.0,0.0-32.08,2.0,46.67-51.37,0.0,0.0-3.02,1.0,18.46-36.0,2.0,4.62-7.35,1.0,21.04-35.8,2.0,64.2-78.96,1.0,11.33-24.5
253,39,1156,10005051501,3.37,18,47,357,0,2833,422,14.9,0.4706,44979.0,111250.0,75375.0,1018,35.93,185,91,49.19,1369,48.32,118,4.17,1610,43.17,16,1396,1.15,39,20,18,4,24,57,42.11,57.89,859,30.32,0.0,0.0-4.29,3.0,7.69-30.05,3.0,0.45-0.59,2.0,35.78-40.2,2.0,44.84-56.92,2.0,46.67-51.37,1.0,3.02-5.27,2.0,36.0-51.87,0.0,0.0-2.6,2.0,35.8-52.22,1.0,47.78-64.2,2.0,24.5-39.14
254,117,1231,10005051502,9.5,28,54,144,2,3583,228,6.36,0.413,94911.0,110750.0,57574.0,1118,31.2,221,52,23.53,1683,46.97,231,6.45,2836,20.85,76,1795,4.23,48,16,105,29,45,153,29.41,70.59,512,14.29,2.0,8.52-15.79,2.0,4.75-7.69,2.0,0.41-0.45,0.0,0.0-32.09,0.0,0.0-32.08,2.0,46.67-51.37,2.0,5.27-7.3,1.0,18.46-36.0,1.0,2.6-4.62,1.0,21.04-35.8,2.0,64.2-78.96,1.0,11.33-24.5
255,255,1541,10005051701,16.55,0,26,211,0,4383,237,5.41,0.3596,82880.0,59014.0,71042.0,1297,29.59,284,43,15.14,2204,50.29,288,6.57,3559,18.8,27,2231,1.21,197,122,182,67,189,379,49.87,50.13,448,10.22,3.0,15.79-47.28,2.0,4.75-7.69,0.0,0.28-0.37,0.0,0.0-32.09,0.0,0.0-32.08,2.0,46.67-51.37,2.0,5.27-7.3,1.0,18.46-36.0,0.0,0.0-2.6,2.0,35.8-52.22,1.0,47.78-64.2,0.0,0.78-11.33
256,360,2052,10005051702,17.54,0,172,397,1,6107,570,9.33,0.3934,111268.0,61250.0,43464.0,1553,25.43,249,81,32.53,3001,49.14,438,7.17,4631,24.17,125,3153,3.96,160,93,452,319,412,612,67.32,32.68,1211,19.83,3.0,15.79-47.28,3.0,7.69-30.05,1.0,0.37-0.41,0.0,0.0-32.09,1.0,32.08-44.84,2.0,46.67-51.37,2.0,5.27-7.3,1.0,18.46-36.0,1.0,2.6-4.62,3.0,52.22-100.0,0.0,0.0-47.78,1.0,11.33-24.5
257,613,2278,10005051801,26.91,139,111,70,0,5581,320,5.73,0.5054,33672.0,,,1964,35.19,1013,649,64.07,2334,41.82,532,9.53,3572,36.0,194,2526,7.68,271,55,149,125,180,420,42.86,57.14,1575,28.22,3.0,15.79-47.28,2.0,4.75-7.69,3.0,0.45-0.59,1.0,32.09-35.78,3.0,56.92-100.0,0.0,16.51-42.22,3.0,7.3-25.24,1.0,18.46-36.0,3.0,7.35-25.68,2.0,35.8-52.22,1.0,47.78-64.2,2.0,24.5-39.14
258,395,1559,10005051802,25.34,140,65,159,0,4393,364,8.29,0.3842,54636.0,66779.0,43636.0,1396,31.78,596,313,52.52,1548,35.24,293,6.67,2352,46.46,142,1742,8.15,76,55,90,34,89,166,53.61,46.39,1810,41.2,3.0,15.79-47.28,3.0,7.69-30.05,1.0,0.37-0.41,0.0,0.0-32.09,2.0,44.84-56.92,0.0,16.51-42.22,2.0,5.27-7.3,2.0,36.0-51.87,3.0,7.35-25.68,3.0,52.22-100.0,0.0,0.0-47.78,3.0,39.14-94.26
259,239,1763,10005051900,13.56,36,70,173,0,4583,279,6.09,0.4261,73889.0,64526.0,33417.0,1286,28.06,467,180,38.54,2063,45.01,342,7.46,3491,23.83,69,2220,3.11,138,121,148,27,148,286,51.75,48.25,828,18.07,2.0,8.52-15.79,2.0,4.75-7.69,2.0,0.41-0.45,0.0,0.0-32.09,1.0,32.08-44.84,1.0,42.22-46.67,3.0,7.3-25.24,1.0,18.46-36.0,1.0,2.6-4.62,2.0,35.8-52.22,1.0,47.78-64.2,1.0,11.33-24.5
260,0,0,10005980000,,0,0,0,0,0,0,,,,,,0,,0,0,,0,,0,,0,,0,0,,0,0,0,0,0,0,,,0,,,,,,,,,,,,,,,,,,,,,,,,,
261,0,0,10005990000,,0,0,0,0,0,0,,,,,,0,,0,0,,0,,0,,0,,0,0,,0,0,0,0,0,0,,,0,,,,,,,,,,,,,,,,,,,,,,,,,
